2026-03-20T04:48:17.349Z - GET /api/admin/panchangam
2026-03-20T05:25:12.189Z - POST /api/user/login
2026-03-20T05:25:17.260Z - POST /api/user/login
2026-03-20T05:25:18.001Z - POST /api/user/login
2026-03-20T05:25:18.585Z - POST /api/user/login
2026-03-20T05:25:19.145Z - POST /api/user/login
2026-03-20T05:25:20.160Z - POST /api/user/login
2026-03-20T05:25:20.579Z - POST /api/user/login
2026-03-20T05:25:20.951Z - POST /api/user/login
2026-03-20T05:25:21.282Z - POST /api/user/login
2026-03-20T05:25:21.649Z - POST /api/user/login
2026-03-20T05:25:22.242Z - POST /api/user/login
2026-03-20T05:25:22.712Z - POST /api/user/login
2026-03-20T05:25:23.111Z - POST /api/user/login
2026-03-20T05:25:23.464Z - POST /api/user/login
2026-03-20T05:25:23.859Z - POST /api/user/login
2026-03-20T05:25:24.611Z - POST /api/user/login
2026-03-20T05:25:26.418Z - POST /api/user/login
2026-03-20T05:45:00.061Z - POST /api/user/login
User Controller Error: 
Invalid `prisma.user.upsert()` invocation in
D:\Projects Folder\Valikatti\backend\controllers\userController.js:12:36

   9 const { name, email, fcmToken } = req.body;
  10 
  11 try {
→ 12   const user = await prisma.user.upsert(
Raw query failed. Code: `unknown`. Message: `Kind: Command failed: Error code 8000 (AtlasError): empty database name not allowed
	at 6392d636f37b708da11fe341451b0d6c/atlasproxy/session_proxy.go:729
	at 6392d636f37b708da11fe341451b0d6c/atlasproxy/session_proxy.go:1592
	at 6392d636f37b708da11fe341451b0d6c/atlasproxy/session_proxy.go:1199
	at 6392d636f37b708da11fe341451b0d6c/atlasproxy/session_proxy.go:1089
	at 10gen/mongonet@v0.0.0-20260113205843-abe8b18a476f/proxy_session.go:398
	at 10gen/mongonet@v0.0.0-20260113205843-abe8b18a476f/proxy_session.go:114
	at 10gen/mongonet@v0.0.0-20260113205843-abe8b18a476f/session.go:274
	at 10gen/mongonet@v0.0.0-20260113205843-abe8b18a476f/server.go:449
	at src/runtime/asm_arm64.s:1223, labels: {}`
PrismaClientKnownRequestError: 
Invalid `prisma.user.upsert()` invocation in
D:\Projects Folder\Valikatti\backend\controllers\userController.js:12:36

   9 const { name, email, fcmToken } = req.body;
  10 
  11 try {
→ 12   const user = await prisma.user.upsert(
Raw query failed. Code: `unknown`. Message: `Kind: Command failed: Error code 8000 (AtlasError): empty database name not allowed
	at 6392d636f37b708da11fe341451b0d6c/atlasproxy/session_proxy.go:729
	at 6392d636f37b708da11fe341451b0d6c/atlasproxy/session_proxy.go:1592
	at 6392d636f37b708da11fe341451b0d6c/atlasproxy/session_proxy.go:1199
	at 6392d636f37b708da11fe341451b0d6c/atlasproxy/session_proxy.go:1089
	at 10gen/mongonet@v0.0.0-20260113205843-abe8b18a476f/proxy_session.go:398
	at 10gen/mongonet@v0.0.0-20260113205843-abe8b18a476f/proxy_session.go:114
	at 10gen/mongonet@v0.0.0-20260113205843-abe8b18a476f/session.go:274
	at 10gen/mongonet@v0.0.0-20260113205843-abe8b18a476f/server.go:449
	at src/runtime/asm_arm64.s:1223, labels: {}`
    at $n.handleRequestError (D:\Projects Folder\Valikatti\backend\node_modules\@prisma\client\runtime\library.js:121:7315)
    at $n.handleAndLogRequestError (D:\Projects Folder\Valikatti\backend\node_modules\@prisma\client\runtime\library.js:121:6623)
    at $n.request (D:\Projects Folder\Valikatti\backend\node_modules\@prisma\client\runtime\library.js:121:6307)
    at async l (D:\Projects Folder\Valikatti\backend\node_modules\@prisma\client\runtime\library.js:130:9633)
    at async loginUser (D:\Projects Folder\Valikatti\backend\controllers\userController.js:12:18)
2026-03-20T05:45:02.002Z - POST /api/user/login
User Controller Error: 
Invalid `prisma.user.upsert()` invocation in
D:\Projects Folder\Valikatti\backend\controllers\userController.js:12:36

   9 const { name, email, fcmToken } = req.body;
  10 
  11 try {
→ 12   const user = await prisma.user.upsert(
Raw query failed. Code: `unknown`. Message: `Kind: Command failed: Error code 8000 (AtlasError): empty database name not allowed
	at 6392d636f37b708da11fe341451b0d6c/atlasproxy/session_proxy.go:729
	at 6392d636f37b708da11fe341451b0d6c/atlasproxy/session_proxy.go:1592
	at 6392d636f37b708da11fe341451b0d6c/atlasproxy/session_proxy.go:1199
	at 6392d636f37b708da11fe341451b0d6c/atlasproxy/session_proxy.go:1089
	at 10gen/mongonet@v0.0.0-20260113205843-abe8b18a476f/proxy_session.go:398
	at 10gen/mongonet@v0.0.0-20260113205843-abe8b18a476f/proxy_session.go:114
	at 10gen/mongonet@v0.0.0-20260113205843-abe8b18a476f/session.go:274
	at 10gen/mongonet@v0.0.0-20260113205843-abe8b18a476f/server.go:449
	at src/runtime/asm_arm64.s:1223, labels: {}`
PrismaClientKnownRequestError: 
Invalid `prisma.user.upsert()` invocation in
D:\Projects Folder\Valikatti\backend\controllers\userController.js:12:36

   9 const { name, email, fcmToken } = req.body;
  10 
  11 try {
→ 12   const user = await prisma.user.upsert(
Raw query failed. Code: `unknown`. Message: `Kind: Command failed: Error code 8000 (AtlasError): empty database name not allowed
	at 6392d636f37b708da11fe341451b0d6c/atlasproxy/session_proxy.go:729
	at 6392d636f37b708da11fe341451b0d6c/atlasproxy/session_proxy.go:1592
	at 6392d636f37b708da11fe341451b0d6c/atlasproxy/session_proxy.go:1199
	at 6392d636f37b708da11fe341451b0d6c/atlasproxy/session_proxy.go:1089
	at 10gen/mongonet@v0.0.0-20260113205843-abe8b18a476f/proxy_session.go:398
	at 10gen/mongonet@v0.0.0-20260113205843-abe8b18a476f/proxy_session.go:114
	at 10gen/mongonet@v0.0.0-20260113205843-abe8b18a476f/session.go:274
	at 10gen/mongonet@v0.0.0-20260113205843-abe8b18a476f/server.go:449
	at src/runtime/asm_arm64.s:1223, labels: {}`
    at $n.handleRequestError (D:\Projects Folder\Valikatti\backend\node_modules\@prisma\client\runtime\library.js:121:7315)
    at $n.handleAndLogRequestError (D:\Projects Folder\Valikatti\backend\node_modules\@prisma\client\runtime\library.js:121:6623)
    at $n.request (D:\Projects Folder\Valikatti\backend\node_modules\@prisma\client\runtime\library.js:121:6307)
    at async l (D:\Projects Folder\Valikatti\backend\node_modules\@prisma\client\runtime\library.js:130:9633)
    at async loginUser (D:\Projects Folder\Valikatti\backend\controllers\userController.js:12:18)
2026-03-20T05:45:02.726Z - POST /api/user/login
User Controller Error: 
Invalid `prisma.user.upsert()` invocation in
D:\Projects Folder\Valikatti\backend\controllers\userController.js:12:36

   9 const { name, email, fcmToken } = req.body;
  10 
  11 try {
→ 12   const user = await prisma.user.upsert(
Raw query failed. Code: `unknown`. Message: `Kind: Command failed: Error code 8000 (AtlasError): empty database name not allowed
	at 6392d636f37b708da11fe341451b0d6c/atlasproxy/session_proxy.go:729
	at 6392d636f37b708da11fe341451b0d6c/atlasproxy/session_proxy.go:1592
	at 6392d636f37b708da11fe341451b0d6c/atlasproxy/session_proxy.go:1199
	at 6392d636f37b708da11fe341451b0d6c/atlasproxy/session_proxy.go:1089
	at 10gen/mongonet@v0.0.0-20260113205843-abe8b18a476f/proxy_session.go:398
	at 10gen/mongonet@v0.0.0-20260113205843-abe8b18a476f/proxy_session.go:114
	at 10gen/mongonet@v0.0.0-20260113205843-abe8b18a476f/session.go:274
	at 10gen/mongonet@v0.0.0-20260113205843-abe8b18a476f/server.go:449
	at src/runtime/asm_arm64.s:1223, labels: {}`
PrismaClientKnownRequestError: 
Invalid `prisma.user.upsert()` invocation in
D:\Projects Folder\Valikatti\backend\controllers\userController.js:12:36

   9 const { name, email, fcmToken } = req.body;
  10 
  11 try {
→ 12   const user = await prisma.user.upsert(
Raw query failed. Code: `unknown`. Message: `Kind: Command failed: Error code 8000 (AtlasError): empty database name not allowed
	at 6392d636f37b708da11fe341451b0d6c/atlasproxy/session_proxy.go:729
	at 6392d636f37b708da11fe341451b0d6c/atlasproxy/session_proxy.go:1592
	at 6392d636f37b708da11fe341451b0d6c/atlasproxy/session_proxy.go:1199
	at 6392d636f37b708da11fe341451b0d6c/atlasproxy/session_proxy.go:1089
	at 10gen/mongonet@v0.0.0-20260113205843-abe8b18a476f/proxy_session.go:398
	at 10gen/mongonet@v0.0.0-20260113205843-abe8b18a476f/proxy_session.go:114
	at 10gen/mongonet@v0.0.0-20260113205843-abe8b18a476f/session.go:274
	at 10gen/mongonet@v0.0.0-20260113205843-abe8b18a476f/server.go:449
	at src/runtime/asm_arm64.s:1223, labels: {}`
    at $n.handleRequestError (D:\Projects Folder\Valikatti\backend\node_modules\@prisma\client\runtime\library.js:121:7315)
    at $n.handleAndLogRequestError (D:\Projects Folder\Valikatti\backend\node_modules\@prisma\client\runtime\library.js:121:6623)
    at $n.request (D:\Projects Folder\Valikatti\backend\node_modules\@prisma\client\runtime\library.js:121:6307)
    at async l (D:\Projects Folder\Valikatti\backend\node_modules\@prisma\client\runtime\library.js:130:9633)
    at async loginUser (D:\Projects Folder\Valikatti\backend\controllers\userController.js:12:18)
2026-03-20T05:45:03.265Z - POST /api/user/login
User Controller Error: 
Invalid `prisma.user.upsert()` invocation in
D:\Projects Folder\Valikatti\backend\controllers\userController.js:12:36

   9 const { name, email, fcmToken } = req.body;
  10 
  11 try {
→ 12   const user = await prisma.user.upsert(
Raw query failed. Code: `unknown`. Message: `Kind: Command failed: Error code 8000 (AtlasError): empty database name not allowed
	at 6392d636f37b708da11fe341451b0d6c/atlasproxy/session_proxy.go:729
	at 6392d636f37b708da11fe341451b0d6c/atlasproxy/session_proxy.go:1592
	at 6392d636f37b708da11fe341451b0d6c/atlasproxy/session_proxy.go:1199
	at 6392d636f37b708da11fe341451b0d6c/atlasproxy/session_proxy.go:1089
	at 10gen/mongonet@v0.0.0-20260113205843-abe8b18a476f/proxy_session.go:398
	at 10gen/mongonet@v0.0.0-20260113205843-abe8b18a476f/proxy_session.go:114
	at 10gen/mongonet@v0.0.0-20260113205843-abe8b18a476f/session.go:274
	at 10gen/mongonet@v0.0.0-20260113205843-abe8b18a476f/server.go:449
	at src/runtime/asm_arm64.s:1223, labels: {}`
PrismaClientKnownRequestError: 
Invalid `prisma.user.upsert()` invocation in
D:\Projects Folder\Valikatti\backend\controllers\userController.js:12:36

   9 const { name, email, fcmToken } = req.body;
  10 
  11 try {
→ 12   const user = await prisma.user.upsert(
Raw query failed. Code: `unknown`. Message: `Kind: Command failed: Error code 8000 (AtlasError): empty database name not allowed
	at 6392d636f37b708da11fe341451b0d6c/atlasproxy/session_proxy.go:729
	at 6392d636f37b708da11fe341451b0d6c/atlasproxy/session_proxy.go:1592
	at 6392d636f37b708da11fe341451b0d6c/atlasproxy/session_proxy.go:1199
	at 6392d636f37b708da11fe341451b0d6c/atlasproxy/session_proxy.go:1089
	at 10gen/mongonet@v0.0.0-20260113205843-abe8b18a476f/proxy_session.go:398
	at 10gen/mongonet@v0.0.0-20260113205843-abe8b18a476f/proxy_session.go:114
	at 10gen/mongonet@v0.0.0-20260113205843-abe8b18a476f/session.go:274
	at 10gen/mongonet@v0.0.0-20260113205843-abe8b18a476f/server.go:449
	at src/runtime/asm_arm64.s:1223, labels: {}`
    at $n.handleRequestError (D:\Projects Folder\Valikatti\backend\node_modules\@prisma\client\runtime\library.js:121:7315)
    at $n.handleAndLogRequestError (D:\Projects Folder\Valikatti\backend\node_modules\@prisma\client\runtime\library.js:121:6623)
    at $n.request (D:\Projects Folder\Valikatti\backend\node_modules\@prisma\client\runtime\library.js:121:6307)
    at async l (D:\Projects Folder\Valikatti\backend\node_modules\@prisma\client\runtime\library.js:130:9633)
    at async loginUser (D:\Projects Folder\Valikatti\backend\controllers\userController.js:12:18)
2026-03-20T05:45:03.693Z - POST /api/user/login
User Controller Error: 
Invalid `prisma.user.upsert()` invocation in
D:\Projects Folder\Valikatti\backend\controllers\userController.js:12:36

   9 const { name, email, fcmToken } = req.body;
  10 
  11 try {
→ 12   const user = await prisma.user.upsert(
Raw query failed. Code: `unknown`. Message: `Kind: Command failed: Error code 8000 (AtlasError): empty database name not allowed
	at 6392d636f37b708da11fe341451b0d6c/atlasproxy/session_proxy.go:729
	at 6392d636f37b708da11fe341451b0d6c/atlasproxy/session_proxy.go:1592
	at 6392d636f37b708da11fe341451b0d6c/atlasproxy/session_proxy.go:1199
	at 6392d636f37b708da11fe341451b0d6c/atlasproxy/session_proxy.go:1089
	at 10gen/mongonet@v0.0.0-20260113205843-abe8b18a476f/proxy_session.go:398
	at 10gen/mongonet@v0.0.0-20260113205843-abe8b18a476f/proxy_session.go:114
	at 10gen/mongonet@v0.0.0-20260113205843-abe8b18a476f/session.go:274
	at 10gen/mongonet@v0.0.0-20260113205843-abe8b18a476f/server.go:449
	at src/runtime/asm_arm64.s:1223, labels: {}`
PrismaClientKnownRequestError: 
Invalid `prisma.user.upsert()` invocation in
D:\Projects Folder\Valikatti\backend\controllers\userController.js:12:36

   9 const { name, email, fcmToken } = req.body;
  10 
  11 try {
→ 12   const user = await prisma.user.upsert(
Raw query failed. Code: `unknown`. Message: `Kind: Command failed: Error code 8000 (AtlasError): empty database name not allowed
	at 6392d636f37b708da11fe341451b0d6c/atlasproxy/session_proxy.go:729
	at 6392d636f37b708da11fe341451b0d6c/atlasproxy/session_proxy.go:1592
	at 6392d636f37b708da11fe341451b0d6c/atlasproxy/session_proxy.go:1199
	at 6392d636f37b708da11fe341451b0d6c/atlasproxy/session_proxy.go:1089
	at 10gen/mongonet@v0.0.0-20260113205843-abe8b18a476f/proxy_session.go:398
	at 10gen/mongonet@v0.0.0-20260113205843-abe8b18a476f/proxy_session.go:114
	at 10gen/mongonet@v0.0.0-20260113205843-abe8b18a476f/session.go:274
	at 10gen/mongonet@v0.0.0-20260113205843-abe8b18a476f/server.go:449
	at src/runtime/asm_arm64.s:1223, labels: {}`
    at $n.handleRequestError (D:\Projects Folder\Valikatti\backend\node_modules\@prisma\client\runtime\library.js:121:7315)
    at $n.handleAndLogRequestError (D:\Projects Folder\Valikatti\backend\node_modules\@prisma\client\runtime\library.js:121:6623)
    at $n.request (D:\Projects Folder\Valikatti\backend\node_modules\@prisma\client\runtime\library.js:121:6307)
    at async l (D:\Projects Folder\Valikatti\backend\node_modules\@prisma\client\runtime\library.js:130:9633)
    at async loginUser (D:\Projects Folder\Valikatti\backend\controllers\userController.js:12:18)
2026-03-20T05:45:04.086Z - POST /api/user/login
User Controller Error: 
Invalid `prisma.user.upsert()` invocation in
D:\Projects Folder\Valikatti\backend\controllers\userController.js:12:36

   9 const { name, email, fcmToken } = req.body;
  10 
  11 try {
→ 12   const user = await prisma.user.upsert(
Raw query failed. Code: `unknown`. Message: `Kind: Command failed: Error code 8000 (AtlasError): empty database name not allowed
	at 6392d636f37b708da11fe341451b0d6c/atlasproxy/session_proxy.go:729
	at 6392d636f37b708da11fe341451b0d6c/atlasproxy/session_proxy.go:1592
	at 6392d636f37b708da11fe341451b0d6c/atlasproxy/session_proxy.go:1199
	at 6392d636f37b708da11fe341451b0d6c/atlasproxy/session_proxy.go:1089
	at 10gen/mongonet@v0.0.0-20260113205843-abe8b18a476f/proxy_session.go:398
	at 10gen/mongonet@v0.0.0-20260113205843-abe8b18a476f/proxy_session.go:114
	at 10gen/mongonet@v0.0.0-20260113205843-abe8b18a476f/session.go:274
	at 10gen/mongonet@v0.0.0-20260113205843-abe8b18a476f/server.go:449
	at src/runtime/asm_arm64.s:1223, labels: {}`
PrismaClientKnownRequestError: 
Invalid `prisma.user.upsert()` invocation in
D:\Projects Folder\Valikatti\backend\controllers\userController.js:12:36

   9 const { name, email, fcmToken } = req.body;
  10 
  11 try {
→ 12   const user = await prisma.user.upsert(
Raw query failed. Code: `unknown`. Message: `Kind: Command failed: Error code 8000 (AtlasError): empty database name not allowed
	at 6392d636f37b708da11fe341451b0d6c/atlasproxy/session_proxy.go:729
	at 6392d636f37b708da11fe341451b0d6c/atlasproxy/session_proxy.go:1592
	at 6392d636f37b708da11fe341451b0d6c/atlasproxy/session_proxy.go:1199
	at 6392d636f37b708da11fe341451b0d6c/atlasproxy/session_proxy.go:1089
	at 10gen/mongonet@v0.0.0-20260113205843-abe8b18a476f/proxy_session.go:398
	at 10gen/mongonet@v0.0.0-20260113205843-abe8b18a476f/proxy_session.go:114
	at 10gen/mongonet@v0.0.0-20260113205843-abe8b18a476f/session.go:274
	at 10gen/mongonet@v0.0.0-20260113205843-abe8b18a476f/server.go:449
	at src/runtime/asm_arm64.s:1223, labels: {}`
    at $n.handleRequestError (D:\Projects Folder\Valikatti\backend\node_modules\@prisma\client\runtime\library.js:121:7315)
    at $n.handleAndLogRequestError (D:\Projects Folder\Valikatti\backend\node_modules\@prisma\client\runtime\library.js:121:6623)
    at $n.request (D:\Projects Folder\Valikatti\backend\node_modules\@prisma\client\runtime\library.js:121:6307)
    at async l (D:\Projects Folder\Valikatti\backend\node_modules\@prisma\client\runtime\library.js:130:9633)
    at async loginUser (D:\Projects Folder\Valikatti\backend\controllers\userController.js:12:18)
2026-03-20T05:45:04.494Z - POST /api/user/login
User Controller Error: 
Invalid `prisma.user.upsert()` invocation in
D:\Projects Folder\Valikatti\backend\controllers\userController.js:12:36

   9 const { name, email, fcmToken } = req.body;
  10 
  11 try {
→ 12   const user = await prisma.user.upsert(
Raw query failed. Code: `unknown`. Message: `Kind: Command failed: Error code 8000 (AtlasError): empty database name not allowed
	at 6392d636f37b708da11fe341451b0d6c/atlasproxy/session_proxy.go:729
	at 6392d636f37b708da11fe341451b0d6c/atlasproxy/session_proxy.go:1592
	at 6392d636f37b708da11fe341451b0d6c/atlasproxy/session_proxy.go:1199
	at 6392d636f37b708da11fe341451b0d6c/atlasproxy/session_proxy.go:1089
	at 10gen/mongonet@v0.0.0-20260113205843-abe8b18a476f/proxy_session.go:398
	at 10gen/mongonet@v0.0.0-20260113205843-abe8b18a476f/proxy_session.go:114
	at 10gen/mongonet@v0.0.0-20260113205843-abe8b18a476f/session.go:274
	at 10gen/mongonet@v0.0.0-20260113205843-abe8b18a476f/server.go:449
	at src/runtime/asm_arm64.s:1223, labels: {}`
PrismaClientKnownRequestError: 
Invalid `prisma.user.upsert()` invocation in
D:\Projects Folder\Valikatti\backend\controllers\userController.js:12:36

   9 const { name, email, fcmToken } = req.body;
  10 
  11 try {
→ 12   const user = await prisma.user.upsert(
Raw query failed. Code: `unknown`. Message: `Kind: Command failed: Error code 8000 (AtlasError): empty database name not allowed
	at 6392d636f37b708da11fe341451b0d6c/atlasproxy/session_proxy.go:729
	at 6392d636f37b708da11fe341451b0d6c/atlasproxy/session_proxy.go:1592
	at 6392d636f37b708da11fe341451b0d6c/atlasproxy/session_proxy.go:1199
	at 6392d636f37b708da11fe341451b0d6c/atlasproxy/session_proxy.go:1089
	at 10gen/mongonet@v0.0.0-20260113205843-abe8b18a476f/proxy_session.go:398
	at 10gen/mongonet@v0.0.0-20260113205843-abe8b18a476f/proxy_session.go:114
	at 10gen/mongonet@v0.0.0-20260113205843-abe8b18a476f/session.go:274
	at 10gen/mongonet@v0.0.0-20260113205843-abe8b18a476f/server.go:449
	at src/runtime/asm_arm64.s:1223, labels: {}`
    at $n.handleRequestError (D:\Projects Folder\Valikatti\backend\node_modules\@prisma\client\runtime\library.js:121:7315)
    at $n.handleAndLogRequestError (D:\Projects Folder\Valikatti\backend\node_modules\@prisma\client\runtime\library.js:121:6623)
    at $n.request (D:\Projects Folder\Valikatti\backend\node_modules\@prisma\client\runtime\library.js:121:6307)
    at async l (D:\Projects Folder\Valikatti\backend\node_modules\@prisma\client\runtime\library.js:130:9633)
    at async loginUser (D:\Projects Folder\Valikatti\backend\controllers\userController.js:12:18)
2026-03-20T05:45:04.836Z - POST /api/user/login
User Controller Error: 
Invalid `prisma.user.upsert()` invocation in
D:\Projects Folder\Valikatti\backend\controllers\userController.js:12:36

   9 const { name, email, fcmToken } = req.body;
  10 
  11 try {
→ 12   const user = await prisma.user.upsert(
Raw query failed. Code: `unknown`. Message: `Kind: Command failed: Error code 8000 (AtlasError): empty database name not allowed
	at 6392d636f37b708da11fe341451b0d6c/atlasproxy/session_proxy.go:729
	at 6392d636f37b708da11fe341451b0d6c/atlasproxy/session_proxy.go:1592
	at 6392d636f37b708da11fe341451b0d6c/atlasproxy/session_proxy.go:1199
	at 6392d636f37b708da11fe341451b0d6c/atlasproxy/session_proxy.go:1089
	at 10gen/mongonet@v0.0.0-20260113205843-abe8b18a476f/proxy_session.go:398
	at 10gen/mongonet@v0.0.0-20260113205843-abe8b18a476f/proxy_session.go:114
	at 10gen/mongonet@v0.0.0-20260113205843-abe8b18a476f/session.go:274
	at 10gen/mongonet@v0.0.0-20260113205843-abe8b18a476f/server.go:449
	at src/runtime/asm_arm64.s:1223, labels: {}`
PrismaClientKnownRequestError: 
Invalid `prisma.user.upsert()` invocation in
D:\Projects Folder\Valikatti\backend\controllers\userController.js:12:36

   9 const { name, email, fcmToken } = req.body;
  10 
  11 try {
→ 12   const user = await prisma.user.upsert(
Raw query failed. Code: `unknown`. Message: `Kind: Command failed: Error code 8000 (AtlasError): empty database name not allowed
	at 6392d636f37b708da11fe341451b0d6c/atlasproxy/session_proxy.go:729
	at 6392d636f37b708da11fe341451b0d6c/atlasproxy/session_proxy.go:1592
	at 6392d636f37b708da11fe341451b0d6c/atlasproxy/session_proxy.go:1199
	at 6392d636f37b708da11fe341451b0d6c/atlasproxy/session_proxy.go:1089
	at 10gen/mongonet@v0.0.0-20260113205843-abe8b18a476f/proxy_session.go:398
	at 10gen/mongonet@v0.0.0-20260113205843-abe8b18a476f/proxy_session.go:114
	at 10gen/mongonet@v0.0.0-20260113205843-abe8b18a476f/session.go:274
	at 10gen/mongonet@v0.0.0-20260113205843-abe8b18a476f/server.go:449
	at src/runtime/asm_arm64.s:1223, labels: {}`
    at $n.handleRequestError (D:\Projects Folder\Valikatti\backend\node_modules\@prisma\client\runtime\library.js:121:7315)
    at $n.handleAndLogRequestError (D:\Projects Folder\Valikatti\backend\node_modules\@prisma\client\runtime\library.js:121:6623)
    at $n.request (D:\Projects Folder\Valikatti\backend\node_modules\@prisma\client\runtime\library.js:121:6307)
    at async l (D:\Projects Folder\Valikatti\backend\node_modules\@prisma\client\runtime\library.js:130:9633)
    at async loginUser (D:\Projects Folder\Valikatti\backend\controllers\userController.js:12:18)
2026-03-20T05:45:11.562Z - POST /api/user/login
User Controller Error: 
Invalid `prisma.user.upsert()` invocation in
D:\Projects Folder\Valikatti\backend\controllers\userController.js:12:36

   9 const { name, email, fcmToken } = req.body;
  10 
  11 try {
→ 12   const user = await prisma.user.upsert(
Raw query failed. Code: `unknown`. Message: `Kind: Command failed: Error code 8000 (AtlasError): empty database name not allowed
	at 6392d636f37b708da11fe341451b0d6c/atlasproxy/session_proxy.go:729
	at 6392d636f37b708da11fe341451b0d6c/atlasproxy/session_proxy.go:1592
	at 6392d636f37b708da11fe341451b0d6c/atlasproxy/session_proxy.go:1199
	at 6392d636f37b708da11fe341451b0d6c/atlasproxy/session_proxy.go:1089
	at 10gen/mongonet@v0.0.0-20260113205843-abe8b18a476f/proxy_session.go:398
	at 10gen/mongonet@v0.0.0-20260113205843-abe8b18a476f/proxy_session.go:114
	at 10gen/mongonet@v0.0.0-20260113205843-abe8b18a476f/session.go:274
	at 10gen/mongonet@v0.0.0-20260113205843-abe8b18a476f/server.go:449
	at src/runtime/asm_arm64.s:1223, labels: {}`
PrismaClientKnownRequestError: 
Invalid `prisma.user.upsert()` invocation in
D:\Projects Folder\Valikatti\backend\controllers\userController.js:12:36

   9 const { name, email, fcmToken } = req.body;
  10 
  11 try {
→ 12   const user = await prisma.user.upsert(
Raw query failed. Code: `unknown`. Message: `Kind: Command failed: Error code 8000 (AtlasError): empty database name not allowed
	at 6392d636f37b708da11fe341451b0d6c/atlasproxy/session_proxy.go:729
	at 6392d636f37b708da11fe341451b0d6c/atlasproxy/session_proxy.go:1592
	at 6392d636f37b708da11fe341451b0d6c/atlasproxy/session_proxy.go:1199
	at 6392d636f37b708da11fe341451b0d6c/atlasproxy/session_proxy.go:1089
	at 10gen/mongonet@v0.0.0-20260113205843-abe8b18a476f/proxy_session.go:398
	at 10gen/mongonet@v0.0.0-20260113205843-abe8b18a476f/proxy_session.go:114
	at 10gen/mongonet@v0.0.0-20260113205843-abe8b18a476f/session.go:274
	at 10gen/mongonet@v0.0.0-20260113205843-abe8b18a476f/server.go:449
	at src/runtime/asm_arm64.s:1223, labels: {}`
    at $n.handleRequestError (D:\Projects Folder\Valikatti\backend\node_modules\@prisma\client\runtime\library.js:121:7315)
    at $n.handleAndLogRequestError (D:\Projects Folder\Valikatti\backend\node_modules\@prisma\client\runtime\library.js:121:6623)
    at $n.request (D:\Projects Folder\Valikatti\backend\node_modules\@prisma\client\runtime\library.js:121:6307)
    at async l (D:\Projects Folder\Valikatti\backend\node_modules\@prisma\client\runtime\library.js:130:9633)
    at async loginUser (D:\Projects Folder\Valikatti\backend\controllers\userController.js:12:18)
2026-03-20T05:45:12.311Z - POST /api/user/login
User Controller Error: 
Invalid `prisma.user.upsert()` invocation in
D:\Projects Folder\Valikatti\backend\controllers\userController.js:12:36

   9 const { name, email, fcmToken } = req.body;
  10 
  11 try {
→ 12   const user = await prisma.user.upsert(
Raw query failed. Code: `unknown`. Message: `Kind: Command failed: Error code 8000 (AtlasError): empty database name not allowed
	at 6392d636f37b708da11fe341451b0d6c/atlasproxy/session_proxy.go:729
	at 6392d636f37b708da11fe341451b0d6c/atlasproxy/session_proxy.go:1592
	at 6392d636f37b708da11fe341451b0d6c/atlasproxy/session_proxy.go:1199
	at 6392d636f37b708da11fe341451b0d6c/atlasproxy/session_proxy.go:1089
	at 10gen/mongonet@v0.0.0-20260113205843-abe8b18a476f/proxy_session.go:398
	at 10gen/mongonet@v0.0.0-20260113205843-abe8b18a476f/proxy_session.go:114
	at 10gen/mongonet@v0.0.0-20260113205843-abe8b18a476f/session.go:274
	at 10gen/mongonet@v0.0.0-20260113205843-abe8b18a476f/server.go:449
	at src/runtime/asm_arm64.s:1223, labels: {}`
PrismaClientKnownRequestError: 
Invalid `prisma.user.upsert()` invocation in
D:\Projects Folder\Valikatti\backend\controllers\userController.js:12:36

   9 const { name, email, fcmToken } = req.body;
  10 
  11 try {
→ 12   const user = await prisma.user.upsert(
Raw query failed. Code: `unknown`. Message: `Kind: Command failed: Error code 8000 (AtlasError): empty database name not allowed
	at 6392d636f37b708da11fe341451b0d6c/atlasproxy/session_proxy.go:729
	at 6392d636f37b708da11fe341451b0d6c/atlasproxy/session_proxy.go:1592
	at 6392d636f37b708da11fe341451b0d6c/atlasproxy/session_proxy.go:1199
	at 6392d636f37b708da11fe341451b0d6c/atlasproxy/session_proxy.go:1089
	at 10gen/mongonet@v0.0.0-20260113205843-abe8b18a476f/proxy_session.go:398
	at 10gen/mongonet@v0.0.0-20260113205843-abe8b18a476f/proxy_session.go:114
	at 10gen/mongonet@v0.0.0-20260113205843-abe8b18a476f/session.go:274
	at 10gen/mongonet@v0.0.0-20260113205843-abe8b18a476f/server.go:449
	at src/runtime/asm_arm64.s:1223, labels: {}`
    at $n.handleRequestError (D:\Projects Folder\Valikatti\backend\node_modules\@prisma\client\runtime\library.js:121:7315)
    at $n.handleAndLogRequestError (D:\Projects Folder\Valikatti\backend\node_modules\@prisma\client\runtime\library.js:121:6623)
    at $n.request (D:\Projects Folder\Valikatti\backend\node_modules\@prisma\client\runtime\library.js:121:6307)
    at async l (D:\Projects Folder\Valikatti\backend\node_modules\@prisma\client\runtime\library.js:130:9633)
    at async loginUser (D:\Projects Folder\Valikatti\backend\controllers\userController.js:12:18)
2026-03-20T05:45:12.830Z - POST /api/user/login
User Controller Error: 
Invalid `prisma.user.upsert()` invocation in
D:\Projects Folder\Valikatti\backend\controllers\userController.js:12:36

   9 const { name, email, fcmToken } = req.body;
  10 
  11 try {
→ 12   const user = await prisma.user.upsert(
Raw query failed. Code: `unknown`. Message: `Kind: Command failed: Error code 8000 (AtlasError): empty database name not allowed
	at 6392d636f37b708da11fe341451b0d6c/atlasproxy/session_proxy.go:729
	at 6392d636f37b708da11fe341451b0d6c/atlasproxy/session_proxy.go:1592
	at 6392d636f37b708da11fe341451b0d6c/atlasproxy/session_proxy.go:1199
	at 6392d636f37b708da11fe341451b0d6c/atlasproxy/session_proxy.go:1089
	at 10gen/mongonet@v0.0.0-20260113205843-abe8b18a476f/proxy_session.go:398
	at 10gen/mongonet@v0.0.0-20260113205843-abe8b18a476f/proxy_session.go:114
	at 10gen/mongonet@v0.0.0-20260113205843-abe8b18a476f/session.go:274
	at 10gen/mongonet@v0.0.0-20260113205843-abe8b18a476f/server.go:449
	at src/runtime/asm_arm64.s:1223, labels: {}`
PrismaClientKnownRequestError: 
Invalid `prisma.user.upsert()` invocation in
D:\Projects Folder\Valikatti\backend\controllers\userController.js:12:36

   9 const { name, email, fcmToken } = req.body;
  10 
  11 try {
→ 12   const user = await prisma.user.upsert(
Raw query failed. Code: `unknown`. Message: `Kind: Command failed: Error code 8000 (AtlasError): empty database name not allowed
	at 6392d636f37b708da11fe341451b0d6c/atlasproxy/session_proxy.go:729
	at 6392d636f37b708da11fe341451b0d6c/atlasproxy/session_proxy.go:1592
	at 6392d636f37b708da11fe341451b0d6c/atlasproxy/session_proxy.go:1199
	at 6392d636f37b708da11fe341451b0d6c/atlasproxy/session_proxy.go:1089
	at 10gen/mongonet@v0.0.0-20260113205843-abe8b18a476f/proxy_session.go:398
	at 10gen/mongonet@v0.0.0-20260113205843-abe8b18a476f/proxy_session.go:114
	at 10gen/mongonet@v0.0.0-20260113205843-abe8b18a476f/session.go:274
	at 10gen/mongonet@v0.0.0-20260113205843-abe8b18a476f/server.go:449
	at src/runtime/asm_arm64.s:1223, labels: {}`
    at $n.handleRequestError (D:\Projects Folder\Valikatti\backend\node_modules\@prisma\client\runtime\library.js:121:7315)
    at $n.handleAndLogRequestError (D:\Projects Folder\Valikatti\backend\node_modules\@prisma\client\runtime\library.js:121:6623)
    at $n.request (D:\Projects Folder\Valikatti\backend\node_modules\@prisma\client\runtime\library.js:121:6307)
    at async l (D:\Projects Folder\Valikatti\backend\node_modules\@prisma\client\runtime\library.js:130:9633)
    at async loginUser (D:\Projects Folder\Valikatti\backend\controllers\userController.js:12:18)
2026-03-20T05:45:13.286Z - POST /api/user/login
User Controller Error: 
Invalid `prisma.user.upsert()` invocation in
D:\Projects Folder\Valikatti\backend\controllers\userController.js:12:36

   9 const { name, email, fcmToken } = req.body;
  10 
  11 try {
→ 12   const user = await prisma.user.upsert(
Raw query failed. Code: `unknown`. Message: `Kind: Command failed: Error code 8000 (AtlasError): empty database name not allowed
	at 6392d636f37b708da11fe341451b0d6c/atlasproxy/session_proxy.go:729
	at 6392d636f37b708da11fe341451b0d6c/atlasproxy/session_proxy.go:1592
	at 6392d636f37b708da11fe341451b0d6c/atlasproxy/session_proxy.go:1199
	at 6392d636f37b708da11fe341451b0d6c/atlasproxy/session_proxy.go:1089
	at 10gen/mongonet@v0.0.0-20260113205843-abe8b18a476f/proxy_session.go:398
	at 10gen/mongonet@v0.0.0-20260113205843-abe8b18a476f/proxy_session.go:114
	at 10gen/mongonet@v0.0.0-20260113205843-abe8b18a476f/session.go:274
	at 10gen/mongonet@v0.0.0-20260113205843-abe8b18a476f/server.go:449
	at src/runtime/asm_arm64.s:1223, labels: {}`
PrismaClientKnownRequestError: 
Invalid `prisma.user.upsert()` invocation in
D:\Projects Folder\Valikatti\backend\controllers\userController.js:12:36

   9 const { name, email, fcmToken } = req.body;
  10 
  11 try {
→ 12   const user = await prisma.user.upsert(
Raw query failed. Code: `unknown`. Message: `Kind: Command failed: Error code 8000 (AtlasError): empty database name not allowed
	at 6392d636f37b708da11fe341451b0d6c/atlasproxy/session_proxy.go:729
	at 6392d636f37b708da11fe341451b0d6c/atlasproxy/session_proxy.go:1592
	at 6392d636f37b708da11fe341451b0d6c/atlasproxy/session_proxy.go:1199
	at 6392d636f37b708da11fe341451b0d6c/atlasproxy/session_proxy.go:1089
	at 10gen/mongonet@v0.0.0-20260113205843-abe8b18a476f/proxy_session.go:398
	at 10gen/mongonet@v0.0.0-20260113205843-abe8b18a476f/proxy_session.go:114
	at 10gen/mongonet@v0.0.0-20260113205843-abe8b18a476f/session.go:274
	at 10gen/mongonet@v0.0.0-20260113205843-abe8b18a476f/server.go:449
	at src/runtime/asm_arm64.s:1223, labels: {}`
    at $n.handleRequestError (D:\Projects Folder\Valikatti\backend\node_modules\@prisma\client\runtime\library.js:121:7315)
    at $n.handleAndLogRequestError (D:\Projects Folder\Valikatti\backend\node_modules\@prisma\client\runtime\library.js:121:6623)
    at $n.request (D:\Projects Folder\Valikatti\backend\node_modules\@prisma\client\runtime\library.js:121:6307)
    at async l (D:\Projects Folder\Valikatti\backend\node_modules\@prisma\client\runtime\library.js:130:9633)
    at async loginUser (D:\Projects Folder\Valikatti\backend\controllers\userController.js:12:18)
2026-03-20T05:45:13.668Z - POST /api/user/login
User Controller Error: 
Invalid `prisma.user.upsert()` invocation in
D:\Projects Folder\Valikatti\backend\controllers\userController.js:12:36

   9 const { name, email, fcmToken } = req.body;
  10 
  11 try {
→ 12   const user = await prisma.user.upsert(
Raw query failed. Code: `unknown`. Message: `Kind: Command failed: Error code 8000 (AtlasError): empty database name not allowed
	at 6392d636f37b708da11fe341451b0d6c/atlasproxy/session_proxy.go:729
	at 6392d636f37b708da11fe341451b0d6c/atlasproxy/session_proxy.go:1592
	at 6392d636f37b708da11fe341451b0d6c/atlasproxy/session_proxy.go:1199
	at 6392d636f37b708da11fe341451b0d6c/atlasproxy/session_proxy.go:1089
	at 10gen/mongonet@v0.0.0-20260113205843-abe8b18a476f/proxy_session.go:398
	at 10gen/mongonet@v0.0.0-20260113205843-abe8b18a476f/proxy_session.go:114
	at 10gen/mongonet@v0.0.0-20260113205843-abe8b18a476f/session.go:274
	at 10gen/mongonet@v0.0.0-20260113205843-abe8b18a476f/server.go:449
	at src/runtime/asm_arm64.s:1223, labels: {}`
PrismaClientKnownRequestError: 
Invalid `prisma.user.upsert()` invocation in
D:\Projects Folder\Valikatti\backend\controllers\userController.js:12:36

   9 const { name, email, fcmToken } = req.body;
  10 
  11 try {
→ 12   const user = await prisma.user.upsert(
Raw query failed. Code: `unknown`. Message: `Kind: Command failed: Error code 8000 (AtlasError): empty database name not allowed
	at 6392d636f37b708da11fe341451b0d6c/atlasproxy/session_proxy.go:729
	at 6392d636f37b708da11fe341451b0d6c/atlasproxy/session_proxy.go:1592
	at 6392d636f37b708da11fe341451b0d6c/atlasproxy/session_proxy.go:1199
	at 6392d636f37b708da11fe341451b0d6c/atlasproxy/session_proxy.go:1089
	at 10gen/mongonet@v0.0.0-20260113205843-abe8b18a476f/proxy_session.go:398
	at 10gen/mongonet@v0.0.0-20260113205843-abe8b18a476f/proxy_session.go:114
	at 10gen/mongonet@v0.0.0-20260113205843-abe8b18a476f/session.go:274
	at 10gen/mongonet@v0.0.0-20260113205843-abe8b18a476f/server.go:449
	at src/runtime/asm_arm64.s:1223, labels: {}`
    at $n.handleRequestError (D:\Projects Folder\Valikatti\backend\node_modules\@prisma\client\runtime\library.js:121:7315)
    at $n.handleAndLogRequestError (D:\Projects Folder\Valikatti\backend\node_modules\@prisma\client\runtime\library.js:121:6623)
    at $n.request (D:\Projects Folder\Valikatti\backend\node_modules\@prisma\client\runtime\library.js:121:6307)
    at async l (D:\Projects Folder\Valikatti\backend\node_modules\@prisma\client\runtime\library.js:130:9633)
    at async loginUser (D:\Projects Folder\Valikatti\backend\controllers\userController.js:12:18)
2026-03-20T05:45:14.067Z - POST /api/user/login
User Controller Error: 
Invalid `prisma.user.upsert()` invocation in
D:\Projects Folder\Valikatti\backend\controllers\userController.js:12:36

   9 const { name, email, fcmToken } = req.body;
  10 
  11 try {
→ 12   const user = await prisma.user.upsert(
Raw query failed. Code: `unknown`. Message: `Kind: Command failed: Error code 8000 (AtlasError): empty database name not allowed
	at 6392d636f37b708da11fe341451b0d6c/atlasproxy/session_proxy.go:729
	at 6392d636f37b708da11fe341451b0d6c/atlasproxy/session_proxy.go:1592
	at 6392d636f37b708da11fe341451b0d6c/atlasproxy/session_proxy.go:1199
	at 6392d636f37b708da11fe341451b0d6c/atlasproxy/session_proxy.go:1089
	at 10gen/mongonet@v0.0.0-20260113205843-abe8b18a476f/proxy_session.go:398
	at 10gen/mongonet@v0.0.0-20260113205843-abe8b18a476f/proxy_session.go:114
	at 10gen/mongonet@v0.0.0-20260113205843-abe8b18a476f/session.go:274
	at 10gen/mongonet@v0.0.0-20260113205843-abe8b18a476f/server.go:449
	at src/runtime/asm_arm64.s:1223, labels: {}`
PrismaClientKnownRequestError: 
Invalid `prisma.user.upsert()` invocation in
D:\Projects Folder\Valikatti\backend\controllers\userController.js:12:36

   9 const { name, email, fcmToken } = req.body;
  10 
  11 try {
→ 12   const user = await prisma.user.upsert(
Raw query failed. Code: `unknown`. Message: `Kind: Command failed: Error code 8000 (AtlasError): empty database name not allowed
	at 6392d636f37b708da11fe341451b0d6c/atlasproxy/session_proxy.go:729
	at 6392d636f37b708da11fe341451b0d6c/atlasproxy/session_proxy.go:1592
	at 6392d636f37b708da11fe341451b0d6c/atlasproxy/session_proxy.go:1199
	at 6392d636f37b708da11fe341451b0d6c/atlasproxy/session_proxy.go:1089
	at 10gen/mongonet@v0.0.0-20260113205843-abe8b18a476f/proxy_session.go:398
	at 10gen/mongonet@v0.0.0-20260113205843-abe8b18a476f/proxy_session.go:114
	at 10gen/mongonet@v0.0.0-20260113205843-abe8b18a476f/session.go:274
	at 10gen/mongonet@v0.0.0-20260113205843-abe8b18a476f/server.go:449
	at src/runtime/asm_arm64.s:1223, labels: {}`
    at $n.handleRequestError (D:\Projects Folder\Valikatti\backend\node_modules\@prisma\client\runtime\library.js:121:7315)
    at $n.handleAndLogRequestError (D:\Projects Folder\Valikatti\backend\node_modules\@prisma\client\runtime\library.js:121:6623)
    at $n.request (D:\Projects Folder\Valikatti\backend\node_modules\@prisma\client\runtime\library.js:121:6307)
    at async l (D:\Projects Folder\Valikatti\backend\node_modules\@prisma\client\runtime\library.js:130:9633)
    at async loginUser (D:\Projects Folder\Valikatti\backend\controllers\userController.js:12:18)
2026-03-20T05:45:14.437Z - POST /api/user/login
User Controller Error: 
Invalid `prisma.user.upsert()` invocation in
D:\Projects Folder\Valikatti\backend\controllers\userController.js:12:36

   9 const { name, email, fcmToken } = req.body;
  10 
  11 try {
→ 12   const user = await prisma.user.upsert(
Raw query failed. Code: `unknown`. Message: `Kind: Command failed: Error code 8000 (AtlasError): empty database name not allowed
	at 6392d636f37b708da11fe341451b0d6c/atlasproxy/session_proxy.go:729
	at 6392d636f37b708da11fe341451b0d6c/atlasproxy/session_proxy.go:1592
	at 6392d636f37b708da11fe341451b0d6c/atlasproxy/session_proxy.go:1199
	at 6392d636f37b708da11fe341451b0d6c/atlasproxy/session_proxy.go:1089
	at 10gen/mongonet@v0.0.0-20260113205843-abe8b18a476f/proxy_session.go:398
	at 10gen/mongonet@v0.0.0-20260113205843-abe8b18a476f/proxy_session.go:114
	at 10gen/mongonet@v0.0.0-20260113205843-abe8b18a476f/session.go:274
	at 10gen/mongonet@v0.0.0-20260113205843-abe8b18a476f/server.go:449
	at src/runtime/asm_arm64.s:1223, labels: {}`
PrismaClientKnownRequestError: 
Invalid `prisma.user.upsert()` invocation in
D:\Projects Folder\Valikatti\backend\controllers\userController.js:12:36

   9 const { name, email, fcmToken } = req.body;
  10 
  11 try {
→ 12   const user = await prisma.user.upsert(
Raw query failed. Code: `unknown`. Message: `Kind: Command failed: Error code 8000 (AtlasError): empty database name not allowed
	at 6392d636f37b708da11fe341451b0d6c/atlasproxy/session_proxy.go:729
	at 6392d636f37b708da11fe341451b0d6c/atlasproxy/session_proxy.go:1592
	at 6392d636f37b708da11fe341451b0d6c/atlasproxy/session_proxy.go:1199
	at 6392d636f37b708da11fe341451b0d6c/atlasproxy/session_proxy.go:1089
	at 10gen/mongonet@v0.0.0-20260113205843-abe8b18a476f/proxy_session.go:398
	at 10gen/mongonet@v0.0.0-20260113205843-abe8b18a476f/proxy_session.go:114
	at 10gen/mongonet@v0.0.0-20260113205843-abe8b18a476f/session.go:274
	at 10gen/mongonet@v0.0.0-20260113205843-abe8b18a476f/server.go:449
	at src/runtime/asm_arm64.s:1223, labels: {}`
    at $n.handleRequestError (D:\Projects Folder\Valikatti\backend\node_modules\@prisma\client\runtime\library.js:121:7315)
    at $n.handleAndLogRequestError (D:\Projects Folder\Valikatti\backend\node_modules\@prisma\client\runtime\library.js:121:6623)
    at $n.request (D:\Projects Folder\Valikatti\backend\node_modules\@prisma\client\runtime\library.js:121:6307)
    at async l (D:\Projects Folder\Valikatti\backend\node_modules\@prisma\client\runtime\library.js:130:9633)
    at async loginUser (D:\Projects Folder\Valikatti\backend\controllers\userController.js:12:18)
2026-03-20T05:45:14.837Z - POST /api/user/login
User Controller Error: 
Invalid `prisma.user.upsert()` invocation in
D:\Projects Folder\Valikatti\backend\controllers\userController.js:12:36

   9 const { name, email, fcmToken } = req.body;
  10 
  11 try {
→ 12   const user = await prisma.user.upsert(
Raw query failed. Code: `unknown`. Message: `Kind: Command failed: Error code 8000 (AtlasError): empty database name not allowed
	at 6392d636f37b708da11fe341451b0d6c/atlasproxy/session_proxy.go:729
	at 6392d636f37b708da11fe341451b0d6c/atlasproxy/session_proxy.go:1592
	at 6392d636f37b708da11fe341451b0d6c/atlasproxy/session_proxy.go:1199
	at 6392d636f37b708da11fe341451b0d6c/atlasproxy/session_proxy.go:1089
	at 10gen/mongonet@v0.0.0-20260113205843-abe8b18a476f/proxy_session.go:398
	at 10gen/mongonet@v0.0.0-20260113205843-abe8b18a476f/proxy_session.go:114
	at 10gen/mongonet@v0.0.0-20260113205843-abe8b18a476f/session.go:274
	at 10gen/mongonet@v0.0.0-20260113205843-abe8b18a476f/server.go:449
	at src/runtime/asm_arm64.s:1223, labels: {}`
PrismaClientKnownRequestError: 
Invalid `prisma.user.upsert()` invocation in
D:\Projects Folder\Valikatti\backend\controllers\userController.js:12:36

   9 const { name, email, fcmToken } = req.body;
  10 
  11 try {
→ 12   const user = await prisma.user.upsert(
Raw query failed. Code: `unknown`. Message: `Kind: Command failed: Error code 8000 (AtlasError): empty database name not allowed
	at 6392d636f37b708da11fe341451b0d6c/atlasproxy/session_proxy.go:729
	at 6392d636f37b708da11fe341451b0d6c/atlasproxy/session_proxy.go:1592
	at 6392d636f37b708da11fe341451b0d6c/atlasproxy/session_proxy.go:1199
	at 6392d636f37b708da11fe341451b0d6c/atlasproxy/session_proxy.go:1089
	at 10gen/mongonet@v0.0.0-20260113205843-abe8b18a476f/proxy_session.go:398
	at 10gen/mongonet@v0.0.0-20260113205843-abe8b18a476f/proxy_session.go:114
	at 10gen/mongonet@v0.0.0-20260113205843-abe8b18a476f/session.go:274
	at 10gen/mongonet@v0.0.0-20260113205843-abe8b18a476f/server.go:449
	at src/runtime/asm_arm64.s:1223, labels: {}`
    at $n.handleRequestError (D:\Projects Folder\Valikatti\backend\node_modules\@prisma\client\runtime\library.js:121:7315)
    at $n.handleAndLogRequestError (D:\Projects Folder\Valikatti\backend\node_modules\@prisma\client\runtime\library.js:121:6623)
    at $n.request (D:\Projects Folder\Valikatti\backend\node_modules\@prisma\client\runtime\library.js:121:6307)
    at async l (D:\Projects Folder\Valikatti\backend\node_modules\@prisma\client\runtime\library.js:130:9633)
    at async loginUser (D:\Projects Folder\Valikatti\backend\controllers\userController.js:12:18)
2026-03-20T05:45:15.253Z - POST /api/user/login
User Controller Error: 
Invalid `prisma.user.upsert()` invocation in
D:\Projects Folder\Valikatti\backend\controllers\userController.js:12:36

   9 const { name, email, fcmToken } = req.body;
  10 
  11 try {
→ 12   const user = await prisma.user.upsert(
Raw query failed. Code: `unknown`. Message: `Kind: Command failed: Error code 8000 (AtlasError): empty database name not allowed
	at 6392d636f37b708da11fe341451b0d6c/atlasproxy/session_proxy.go:729
	at 6392d636f37b708da11fe341451b0d6c/atlasproxy/session_proxy.go:1592
	at 6392d636f37b708da11fe341451b0d6c/atlasproxy/session_proxy.go:1199
	at 6392d636f37b708da11fe341451b0d6c/atlasproxy/session_proxy.go:1089
	at 10gen/mongonet@v0.0.0-20260113205843-abe8b18a476f/proxy_session.go:398
	at 10gen/mongonet@v0.0.0-20260113205843-abe8b18a476f/proxy_session.go:114
	at 10gen/mongonet@v0.0.0-20260113205843-abe8b18a476f/session.go:274
	at 10gen/mongonet@v0.0.0-20260113205843-abe8b18a476f/server.go:449
	at src/runtime/asm_arm64.s:1223, labels: {}`
PrismaClientKnownRequestError: 
Invalid `prisma.user.upsert()` invocation in
D:\Projects Folder\Valikatti\backend\controllers\userController.js:12:36

   9 const { name, email, fcmToken } = req.body;
  10 
  11 try {
→ 12   const user = await prisma.user.upsert(
Raw query failed. Code: `unknown`. Message: `Kind: Command failed: Error code 8000 (AtlasError): empty database name not allowed
	at 6392d636f37b708da11fe341451b0d6c/atlasproxy/session_proxy.go:729
	at 6392d636f37b708da11fe341451b0d6c/atlasproxy/session_proxy.go:1592
	at 6392d636f37b708da11fe341451b0d6c/atlasproxy/session_proxy.go:1199
	at 6392d636f37b708da11fe341451b0d6c/atlasproxy/session_proxy.go:1089
	at 10gen/mongonet@v0.0.0-20260113205843-abe8b18a476f/proxy_session.go:398
	at 10gen/mongonet@v0.0.0-20260113205843-abe8b18a476f/proxy_session.go:114
	at 10gen/mongonet@v0.0.0-20260113205843-abe8b18a476f/session.go:274
	at 10gen/mongonet@v0.0.0-20260113205843-abe8b18a476f/server.go:449
	at src/runtime/asm_arm64.s:1223, labels: {}`
    at $n.handleRequestError (D:\Projects Folder\Valikatti\backend\node_modules\@prisma\client\runtime\library.js:121:7315)
    at $n.handleAndLogRequestError (D:\Projects Folder\Valikatti\backend\node_modules\@prisma\client\runtime\library.js:121:6623)
    at $n.request (D:\Projects Folder\Valikatti\backend\node_modules\@prisma\client\runtime\library.js:121:6307)
    at async l (D:\Projects Folder\Valikatti\backend\node_modules\@prisma\client\runtime\library.js:130:9633)
    at async loginUser (D:\Projects Folder\Valikatti\backend\controllers\userController.js:12:18)
2026-03-20T05:45:15.674Z - POST /api/user/login
User Controller Error: 
Invalid `prisma.user.upsert()` invocation in
D:\Projects Folder\Valikatti\backend\controllers\userController.js:12:36

   9 const { name, email, fcmToken } = req.body;
  10 
  11 try {
→ 12   const user = await prisma.user.upsert(
Raw query failed. Code: `unknown`. Message: `Kind: Command failed: Error code 8000 (AtlasError): empty database name not allowed
	at 6392d636f37b708da11fe341451b0d6c/atlasproxy/session_proxy.go:729
	at 6392d636f37b708da11fe341451b0d6c/atlasproxy/session_proxy.go:1592
	at 6392d636f37b708da11fe341451b0d6c/atlasproxy/session_proxy.go:1199
	at 6392d636f37b708da11fe341451b0d6c/atlasproxy/session_proxy.go:1089
	at 10gen/mongonet@v0.0.0-20260113205843-abe8b18a476f/proxy_session.go:398
	at 10gen/mongonet@v0.0.0-20260113205843-abe8b18a476f/proxy_session.go:114
	at 10gen/mongonet@v0.0.0-20260113205843-abe8b18a476f/session.go:274
	at 10gen/mongonet@v0.0.0-20260113205843-abe8b18a476f/server.go:449
	at src/runtime/asm_arm64.s:1223, labels: {}`
PrismaClientKnownRequestError: 
Invalid `prisma.user.upsert()` invocation in
D:\Projects Folder\Valikatti\backend\controllers\userController.js:12:36

   9 const { name, email, fcmToken } = req.body;
  10 
  11 try {
→ 12   const user = await prisma.user.upsert(
Raw query failed. Code: `unknown`. Message: `Kind: Command failed: Error code 8000 (AtlasError): empty database name not allowed
	at 6392d636f37b708da11fe341451b0d6c/atlasproxy/session_proxy.go:729
	at 6392d636f37b708da11fe341451b0d6c/atlasproxy/session_proxy.go:1592
	at 6392d636f37b708da11fe341451b0d6c/atlasproxy/session_proxy.go:1199
	at 6392d636f37b708da11fe341451b0d6c/atlasproxy/session_proxy.go:1089
	at 10gen/mongonet@v0.0.0-20260113205843-abe8b18a476f/proxy_session.go:398
	at 10gen/mongonet@v0.0.0-20260113205843-abe8b18a476f/proxy_session.go:114
	at 10gen/mongonet@v0.0.0-20260113205843-abe8b18a476f/session.go:274
	at 10gen/mongonet@v0.0.0-20260113205843-abe8b18a476f/server.go:449
	at src/runtime/asm_arm64.s:1223, labels: {}`
    at $n.handleRequestError (D:\Projects Folder\Valikatti\backend\node_modules\@prisma\client\runtime\library.js:121:7315)
    at $n.handleAndLogRequestError (D:\Projects Folder\Valikatti\backend\node_modules\@prisma\client\runtime\library.js:121:6623)
    at $n.request (D:\Projects Folder\Valikatti\backend\node_modules\@prisma\client\runtime\library.js:121:6307)
    at async l (D:\Projects Folder\Valikatti\backend\node_modules\@prisma\client\runtime\library.js:130:9633)
    at async loginUser (D:\Projects Folder\Valikatti\backend\controllers\userController.js:12:18)
2026-03-20T05:45:16.079Z - POST /api/user/login
User Controller Error: 
Invalid `prisma.user.upsert()` invocation in
D:\Projects Folder\Valikatti\backend\controllers\userController.js:12:36

   9 const { name, email, fcmToken } = req.body;
  10 
  11 try {
→ 12   const user = await prisma.user.upsert(
Raw query failed. Code: `unknown`. Message: `Kind: Command failed: Error code 8000 (AtlasError): empty database name not allowed
	at 6392d636f37b708da11fe341451b0d6c/atlasproxy/session_proxy.go:729
	at 6392d636f37b708da11fe341451b0d6c/atlasproxy/session_proxy.go:1592
	at 6392d636f37b708da11fe341451b0d6c/atlasproxy/session_proxy.go:1199
	at 6392d636f37b708da11fe341451b0d6c/atlasproxy/session_proxy.go:1089
	at 10gen/mongonet@v0.0.0-20260113205843-abe8b18a476f/proxy_session.go:398
	at 10gen/mongonet@v0.0.0-20260113205843-abe8b18a476f/proxy_session.go:114
	at 10gen/mongonet@v0.0.0-20260113205843-abe8b18a476f/session.go:274
	at 10gen/mongonet@v0.0.0-20260113205843-abe8b18a476f/server.go:449
	at src/runtime/asm_arm64.s:1223, labels: {}`
PrismaClientKnownRequestError: 
Invalid `prisma.user.upsert()` invocation in
D:\Projects Folder\Valikatti\backend\controllers\userController.js:12:36

   9 const { name, email, fcmToken } = req.body;
  10 
  11 try {
→ 12   const user = await prisma.user.upsert(
Raw query failed. Code: `unknown`. Message: `Kind: Command failed: Error code 8000 (AtlasError): empty database name not allowed
	at 6392d636f37b708da11fe341451b0d6c/atlasproxy/session_proxy.go:729
	at 6392d636f37b708da11fe341451b0d6c/atlasproxy/session_proxy.go:1592
	at 6392d636f37b708da11fe341451b0d6c/atlasproxy/session_proxy.go:1199
	at 6392d636f37b708da11fe341451b0d6c/atlasproxy/session_proxy.go:1089
	at 10gen/mongonet@v0.0.0-20260113205843-abe8b18a476f/proxy_session.go:398
	at 10gen/mongonet@v0.0.0-20260113205843-abe8b18a476f/proxy_session.go:114
	at 10gen/mongonet@v0.0.0-20260113205843-abe8b18a476f/session.go:274
	at 10gen/mongonet@v0.0.0-20260113205843-abe8b18a476f/server.go:449
	at src/runtime/asm_arm64.s:1223, labels: {}`
    at $n.handleRequestError (D:\Projects Folder\Valikatti\backend\node_modules\@prisma\client\runtime\library.js:121:7315)
    at $n.handleAndLogRequestError (D:\Projects Folder\Valikatti\backend\node_modules\@prisma\client\runtime\library.js:121:6623)
    at $n.request (D:\Projects Folder\Valikatti\backend\node_modules\@prisma\client\runtime\library.js:121:6307)
    at async l (D:\Projects Folder\Valikatti\backend\node_modules\@prisma\client\runtime\library.js:130:9633)
    at async loginUser (D:\Projects Folder\Valikatti\backend\controllers\userController.js:12:18)
2026-03-20T05:45:16.451Z - POST /api/user/login
User Controller Error: 
Invalid `prisma.user.upsert()` invocation in
D:\Projects Folder\Valikatti\backend\controllers\userController.js:12:36

   9 const { name, email, fcmToken } = req.body;
  10 
  11 try {
→ 12   const user = await prisma.user.upsert(
Raw query failed. Code: `unknown`. Message: `Kind: Command failed: Error code 8000 (AtlasError): empty database name not allowed
	at 6392d636f37b708da11fe341451b0d6c/atlasproxy/session_proxy.go:729
	at 6392d636f37b708da11fe341451b0d6c/atlasproxy/session_proxy.go:1592
	at 6392d636f37b708da11fe341451b0d6c/atlasproxy/session_proxy.go:1199
	at 6392d636f37b708da11fe341451b0d6c/atlasproxy/session_proxy.go:1089
	at 10gen/mongonet@v0.0.0-20260113205843-abe8b18a476f/proxy_session.go:398
	at 10gen/mongonet@v0.0.0-20260113205843-abe8b18a476f/proxy_session.go:114
	at 10gen/mongonet@v0.0.0-20260113205843-abe8b18a476f/session.go:274
	at 10gen/mongonet@v0.0.0-20260113205843-abe8b18a476f/server.go:449
	at src/runtime/asm_arm64.s:1223, labels: {}`
PrismaClientKnownRequestError: 
Invalid `prisma.user.upsert()` invocation in
D:\Projects Folder\Valikatti\backend\controllers\userController.js:12:36

   9 const { name, email, fcmToken } = req.body;
  10 
  11 try {
→ 12   const user = await prisma.user.upsert(
Raw query failed. Code: `unknown`. Message: `Kind: Command failed: Error code 8000 (AtlasError): empty database name not allowed
	at 6392d636f37b708da11fe341451b0d6c/atlasproxy/session_proxy.go:729
	at 6392d636f37b708da11fe341451b0d6c/atlasproxy/session_proxy.go:1592
	at 6392d636f37b708da11fe341451b0d6c/atlasproxy/session_proxy.go:1199
	at 6392d636f37b708da11fe341451b0d6c/atlasproxy/session_proxy.go:1089
	at 10gen/mongonet@v0.0.0-20260113205843-abe8b18a476f/proxy_session.go:398
	at 10gen/mongonet@v0.0.0-20260113205843-abe8b18a476f/proxy_session.go:114
	at 10gen/mongonet@v0.0.0-20260113205843-abe8b18a476f/session.go:274
	at 10gen/mongonet@v0.0.0-20260113205843-abe8b18a476f/server.go:449
	at src/runtime/asm_arm64.s:1223, labels: {}`
    at $n.handleRequestError (D:\Projects Folder\Valikatti\backend\node_modules\@prisma\client\runtime\library.js:121:7315)
    at $n.handleAndLogRequestError (D:\Projects Folder\Valikatti\backend\node_modules\@prisma\client\runtime\library.js:121:6623)
    at $n.request (D:\Projects Folder\Valikatti\backend\node_modules\@prisma\client\runtime\library.js:121:6307)
    at async l (D:\Projects Folder\Valikatti\backend\node_modules\@prisma\client\runtime\library.js:130:9633)
    at async loginUser (D:\Projects Folder\Valikatti\backend\controllers\userController.js:12:18)
2026-03-20T05:45:16.866Z - POST /api/user/login
User Controller Error: 
Invalid `prisma.user.upsert()` invocation in
D:\Projects Folder\Valikatti\backend\controllers\userController.js:12:36

   9 const { name, email, fcmToken } = req.body;
  10 
  11 try {
→ 12   const user = await prisma.user.upsert(
Raw query failed. Code: `unknown`. Message: `Kind: Command failed: Error code 8000 (AtlasError): empty database name not allowed
	at 6392d636f37b708da11fe341451b0d6c/atlasproxy/session_proxy.go:729
	at 6392d636f37b708da11fe341451b0d6c/atlasproxy/session_proxy.go:1592
	at 6392d636f37b708da11fe341451b0d6c/atlasproxy/session_proxy.go:1199
	at 6392d636f37b708da11fe341451b0d6c/atlasproxy/session_proxy.go:1089
	at 10gen/mongonet@v0.0.0-20260113205843-abe8b18a476f/proxy_session.go:398
	at 10gen/mongonet@v0.0.0-20260113205843-abe8b18a476f/proxy_session.go:114
	at 10gen/mongonet@v0.0.0-20260113205843-abe8b18a476f/session.go:274
	at 10gen/mongonet@v0.0.0-20260113205843-abe8b18a476f/server.go:449
	at src/runtime/asm_arm64.s:1223, labels: {}`
PrismaClientKnownRequestError: 
Invalid `prisma.user.upsert()` invocation in
D:\Projects Folder\Valikatti\backend\controllers\userController.js:12:36

   9 const { name, email, fcmToken } = req.body;
  10 
  11 try {
→ 12   const user = await prisma.user.upsert(
Raw query failed. Code: `unknown`. Message: `Kind: Command failed: Error code 8000 (AtlasError): empty database name not allowed
	at 6392d636f37b708da11fe341451b0d6c/atlasproxy/session_proxy.go:729
	at 6392d636f37b708da11fe341451b0d6c/atlasproxy/session_proxy.go:1592
	at 6392d636f37b708da11fe341451b0d6c/atlasproxy/session_proxy.go:1199
	at 6392d636f37b708da11fe341451b0d6c/atlasproxy/session_proxy.go:1089
	at 10gen/mongonet@v0.0.0-20260113205843-abe8b18a476f/proxy_session.go:398
	at 10gen/mongonet@v0.0.0-20260113205843-abe8b18a476f/proxy_session.go:114
	at 10gen/mongonet@v0.0.0-20260113205843-abe8b18a476f/session.go:274
	at 10gen/mongonet@v0.0.0-20260113205843-abe8b18a476f/server.go:449
	at src/runtime/asm_arm64.s:1223, labels: {}`
    at $n.handleRequestError (D:\Projects Folder\Valikatti\backend\node_modules\@prisma\client\runtime\library.js:121:7315)
    at $n.handleAndLogRequestError (D:\Projects Folder\Valikatti\backend\node_modules\@prisma\client\runtime\library.js:121:6623)
    at $n.request (D:\Projects Folder\Valikatti\backend\node_modules\@prisma\client\runtime\library.js:121:6307)
    at async l (D:\Projects Folder\Valikatti\backend\node_modules\@prisma\client\runtime\library.js:130:9633)
    at async loginUser (D:\Projects Folder\Valikatti\backend\controllers\userController.js:12:18)
2026-03-20T05:45:18.163Z - POST /api/user/login
User Controller Error: 
Invalid `prisma.user.upsert()` invocation in
D:\Projects Folder\Valikatti\backend\controllers\userController.js:12:36

   9 const { name, email, fcmToken } = req.body;
  10 
  11 try {
→ 12   const user = await prisma.user.upsert(
Raw query failed. Code: `unknown`. Message: `Kind: Command failed: Error code 8000 (AtlasError): empty database name not allowed
	at 6392d636f37b708da11fe341451b0d6c/atlasproxy/session_proxy.go:729
	at 6392d636f37b708da11fe341451b0d6c/atlasproxy/session_proxy.go:1592
	at 6392d636f37b708da11fe341451b0d6c/atlasproxy/session_proxy.go:1199
	at 6392d636f37b708da11fe341451b0d6c/atlasproxy/session_proxy.go:1089
	at 10gen/mongonet@v0.0.0-20260113205843-abe8b18a476f/proxy_session.go:398
	at 10gen/mongonet@v0.0.0-20260113205843-abe8b18a476f/proxy_session.go:114
	at 10gen/mongonet@v0.0.0-20260113205843-abe8b18a476f/session.go:274
	at 10gen/mongonet@v0.0.0-20260113205843-abe8b18a476f/server.go:449
	at src/runtime/asm_arm64.s:1223, labels: {}`
PrismaClientKnownRequestError: 
Invalid `prisma.user.upsert()` invocation in
D:\Projects Folder\Valikatti\backend\controllers\userController.js:12:36

   9 const { name, email, fcmToken } = req.body;
  10 
  11 try {
→ 12   const user = await prisma.user.upsert(
Raw query failed. Code: `unknown`. Message: `Kind: Command failed: Error code 8000 (AtlasError): empty database name not allowed
	at 6392d636f37b708da11fe341451b0d6c/atlasproxy/session_proxy.go:729
	at 6392d636f37b708da11fe341451b0d6c/atlasproxy/session_proxy.go:1592
	at 6392d636f37b708da11fe341451b0d6c/atlasproxy/session_proxy.go:1199
	at 6392d636f37b708da11fe341451b0d6c/atlasproxy/session_proxy.go:1089
	at 10gen/mongonet@v0.0.0-20260113205843-abe8b18a476f/proxy_session.go:398
	at 10gen/mongonet@v0.0.0-20260113205843-abe8b18a476f/proxy_session.go:114
	at 10gen/mongonet@v0.0.0-20260113205843-abe8b18a476f/session.go:274
	at 10gen/mongonet@v0.0.0-20260113205843-abe8b18a476f/server.go:449
	at src/runtime/asm_arm64.s:1223, labels: {}`
    at $n.handleRequestError (D:\Projects Folder\Valikatti\backend\node_modules\@prisma\client\runtime\library.js:121:7315)
    at $n.handleAndLogRequestError (D:\Projects Folder\Valikatti\backend\node_modules\@prisma\client\runtime\library.js:121:6623)
    at $n.request (D:\Projects Folder\Valikatti\backend\node_modules\@prisma\client\runtime\library.js:121:6307)
    at async l (D:\Projects Folder\Valikatti\backend\node_modules\@prisma\client\runtime\library.js:130:9633)
    at async loginUser (D:\Projects Folder\Valikatti\backend\controllers\userController.js:12:18)
2026-03-20T05:48:09.486Z - POST /api/user/login
User Controller Error: 
Invalid `prisma.user.upsert()` invocation in
D:\Projects Folder\Valikatti\backend\controllers\userController.js:12:36

   9 const { name, email, fcmToken } = req.body;
  10 
  11 try {
→ 12   const user = await prisma.user.upsert(
Raw query failed. Code: `unknown`. Message: `Kind: Command failed: Error code 8000 (AtlasError): empty database name not allowed
	at 6392d636f37b708da11fe341451b0d6c/atlasproxy/session_proxy.go:729
	at 6392d636f37b708da11fe341451b0d6c/atlasproxy/session_proxy.go:1592
	at 6392d636f37b708da11fe341451b0d6c/atlasproxy/session_proxy.go:1199
	at 6392d636f37b708da11fe341451b0d6c/atlasproxy/session_proxy.go:1089
	at 10gen/mongonet@v0.0.0-20260113205843-abe8b18a476f/proxy_session.go:398
	at 10gen/mongonet@v0.0.0-20260113205843-abe8b18a476f/proxy_session.go:114
	at 10gen/mongonet@v0.0.0-20260113205843-abe8b18a476f/session.go:274
	at 10gen/mongonet@v0.0.0-20260113205843-abe8b18a476f/server.go:449
	at src/runtime/asm_arm64.s:1223, labels: {}`
PrismaClientKnownRequestError: 
Invalid `prisma.user.upsert()` invocation in
D:\Projects Folder\Valikatti\backend\controllers\userController.js:12:36

   9 const { name, email, fcmToken } = req.body;
  10 
  11 try {
→ 12   const user = await prisma.user.upsert(
Raw query failed. Code: `unknown`. Message: `Kind: Command failed: Error code 8000 (AtlasError): empty database name not allowed
	at 6392d636f37b708da11fe341451b0d6c/atlasproxy/session_proxy.go:729
	at 6392d636f37b708da11fe341451b0d6c/atlasproxy/session_proxy.go:1592
	at 6392d636f37b708da11fe341451b0d6c/atlasproxy/session_proxy.go:1199
	at 6392d636f37b708da11fe341451b0d6c/atlasproxy/session_proxy.go:1089
	at 10gen/mongonet@v0.0.0-20260113205843-abe8b18a476f/proxy_session.go:398
	at 10gen/mongonet@v0.0.0-20260113205843-abe8b18a476f/proxy_session.go:114
	at 10gen/mongonet@v0.0.0-20260113205843-abe8b18a476f/session.go:274
	at 10gen/mongonet@v0.0.0-20260113205843-abe8b18a476f/server.go:449
	at src/runtime/asm_arm64.s:1223, labels: {}`
    at $n.handleRequestError (D:\Projects Folder\Valikatti\backend\node_modules\@prisma\client\runtime\library.js:121:7315)
    at $n.handleAndLogRequestError (D:\Projects Folder\Valikatti\backend\node_modules\@prisma\client\runtime\library.js:121:6623)
    at $n.request (D:\Projects Folder\Valikatti\backend\node_modules\@prisma\client\runtime\library.js:121:6307)
    at async l (D:\Projects Folder\Valikatti\backend\node_modules\@prisma\client\runtime\library.js:130:9633)
    at async loginUser (D:\Projects Folder\Valikatti\backend\controllers\userController.js:12:18)
2026-03-20T05:48:11.069Z - POST /api/user/login
User Controller Error: 
Invalid `prisma.user.upsert()` invocation in
D:\Projects Folder\Valikatti\backend\controllers\userController.js:12:36

   9 const { name, email, fcmToken } = req.body;
  10 
  11 try {
→ 12   const user = await prisma.user.upsert(
Raw query failed. Code: `unknown`. Message: `Kind: Command failed: Error code 8000 (AtlasError): empty database name not allowed
	at 6392d636f37b708da11fe341451b0d6c/atlasproxy/session_proxy.go:729
	at 6392d636f37b708da11fe341451b0d6c/atlasproxy/session_proxy.go:1592
	at 6392d636f37b708da11fe341451b0d6c/atlasproxy/session_proxy.go:1199
	at 6392d636f37b708da11fe341451b0d6c/atlasproxy/session_proxy.go:1089
	at 10gen/mongonet@v0.0.0-20260113205843-abe8b18a476f/proxy_session.go:398
	at 10gen/mongonet@v0.0.0-20260113205843-abe8b18a476f/proxy_session.go:114
	at 10gen/mongonet@v0.0.0-20260113205843-abe8b18a476f/session.go:274
	at 10gen/mongonet@v0.0.0-20260113205843-abe8b18a476f/server.go:449
	at src/runtime/asm_arm64.s:1223, labels: {}`
PrismaClientKnownRequestError: 
Invalid `prisma.user.upsert()` invocation in
D:\Projects Folder\Valikatti\backend\controllers\userController.js:12:36

   9 const { name, email, fcmToken } = req.body;
  10 
  11 try {
→ 12   const user = await prisma.user.upsert(
Raw query failed. Code: `unknown`. Message: `Kind: Command failed: Error code 8000 (AtlasError): empty database name not allowed
	at 6392d636f37b708da11fe341451b0d6c/atlasproxy/session_proxy.go:729
	at 6392d636f37b708da11fe341451b0d6c/atlasproxy/session_proxy.go:1592
	at 6392d636f37b708da11fe341451b0d6c/atlasproxy/session_proxy.go:1199
	at 6392d636f37b708da11fe341451b0d6c/atlasproxy/session_proxy.go:1089
	at 10gen/mongonet@v0.0.0-20260113205843-abe8b18a476f/proxy_session.go:398
	at 10gen/mongonet@v0.0.0-20260113205843-abe8b18a476f/proxy_session.go:114
	at 10gen/mongonet@v0.0.0-20260113205843-abe8b18a476f/session.go:274
	at 10gen/mongonet@v0.0.0-20260113205843-abe8b18a476f/server.go:449
	at src/runtime/asm_arm64.s:1223, labels: {}`
    at $n.handleRequestError (D:\Projects Folder\Valikatti\backend\node_modules\@prisma\client\runtime\library.js:121:7315)
    at $n.handleAndLogRequestError (D:\Projects Folder\Valikatti\backend\node_modules\@prisma\client\runtime\library.js:121:6623)
    at $n.request (D:\Projects Folder\Valikatti\backend\node_modules\@prisma\client\runtime\library.js:121:6307)
    at async l (D:\Projects Folder\Valikatti\backend\node_modules\@prisma\client\runtime\library.js:130:9633)
    at async loginUser (D:\Projects Folder\Valikatti\backend\controllers\userController.js:12:18)
2026-03-20T05:48:11.669Z - POST /api/user/login
User Controller Error: 
Invalid `prisma.user.upsert()` invocation in
D:\Projects Folder\Valikatti\backend\controllers\userController.js:12:36

   9 const { name, email, fcmToken } = req.body;
  10 
  11 try {
→ 12   const user = await prisma.user.upsert(
Raw query failed. Code: `unknown`. Message: `Kind: Command failed: Error code 8000 (AtlasError): empty database name not allowed
	at 6392d636f37b708da11fe341451b0d6c/atlasproxy/session_proxy.go:729
	at 6392d636f37b708da11fe341451b0d6c/atlasproxy/session_proxy.go:1592
	at 6392d636f37b708da11fe341451b0d6c/atlasproxy/session_proxy.go:1199
	at 6392d636f37b708da11fe341451b0d6c/atlasproxy/session_proxy.go:1089
	at 10gen/mongonet@v0.0.0-20260113205843-abe8b18a476f/proxy_session.go:398
	at 10gen/mongonet@v0.0.0-20260113205843-abe8b18a476f/proxy_session.go:114
	at 10gen/mongonet@v0.0.0-20260113205843-abe8b18a476f/session.go:274
	at 10gen/mongonet@v0.0.0-20260113205843-abe8b18a476f/server.go:449
	at src/runtime/asm_arm64.s:1223, labels: {}`
PrismaClientKnownRequestError: 
Invalid `prisma.user.upsert()` invocation in
D:\Projects Folder\Valikatti\backend\controllers\userController.js:12:36

   9 const { name, email, fcmToken } = req.body;
  10 
  11 try {
→ 12   const user = await prisma.user.upsert(
Raw query failed. Code: `unknown`. Message: `Kind: Command failed: Error code 8000 (AtlasError): empty database name not allowed
	at 6392d636f37b708da11fe341451b0d6c/atlasproxy/session_proxy.go:729
	at 6392d636f37b708da11fe341451b0d6c/atlasproxy/session_proxy.go:1592
	at 6392d636f37b708da11fe341451b0d6c/atlasproxy/session_proxy.go:1199
	at 6392d636f37b708da11fe341451b0d6c/atlasproxy/session_proxy.go:1089
	at 10gen/mongonet@v0.0.0-20260113205843-abe8b18a476f/proxy_session.go:398
	at 10gen/mongonet@v0.0.0-20260113205843-abe8b18a476f/proxy_session.go:114
	at 10gen/mongonet@v0.0.0-20260113205843-abe8b18a476f/session.go:274
	at 10gen/mongonet@v0.0.0-20260113205843-abe8b18a476f/server.go:449
	at src/runtime/asm_arm64.s:1223, labels: {}`
    at $n.handleRequestError (D:\Projects Folder\Valikatti\backend\node_modules\@prisma\client\runtime\library.js:121:7315)
    at $n.handleAndLogRequestError (D:\Projects Folder\Valikatti\backend\node_modules\@prisma\client\runtime\library.js:121:6623)
    at $n.request (D:\Projects Folder\Valikatti\backend\node_modules\@prisma\client\runtime\library.js:121:6307)
    at async l (D:\Projects Folder\Valikatti\backend\node_modules\@prisma\client\runtime\library.js:130:9633)
    at async loginUser (D:\Projects Folder\Valikatti\backend\controllers\userController.js:12:18)
2026-03-20T05:48:12.044Z - POST /api/user/login
User Controller Error: 
Invalid `prisma.user.upsert()` invocation in
D:\Projects Folder\Valikatti\backend\controllers\userController.js:12:36

   9 const { name, email, fcmToken } = req.body;
  10 
  11 try {
→ 12   const user = await prisma.user.upsert(
Raw query failed. Code: `unknown`. Message: `Kind: Command failed: Error code 8000 (AtlasError): empty database name not allowed
	at 6392d636f37b708da11fe341451b0d6c/atlasproxy/session_proxy.go:729
	at 6392d636f37b708da11fe341451b0d6c/atlasproxy/session_proxy.go:1592
	at 6392d636f37b708da11fe341451b0d6c/atlasproxy/session_proxy.go:1199
	at 6392d636f37b708da11fe341451b0d6c/atlasproxy/session_proxy.go:1089
	at 10gen/mongonet@v0.0.0-20260113205843-abe8b18a476f/proxy_session.go:398
	at 10gen/mongonet@v0.0.0-20260113205843-abe8b18a476f/proxy_session.go:114
	at 10gen/mongonet@v0.0.0-20260113205843-abe8b18a476f/session.go:274
	at 10gen/mongonet@v0.0.0-20260113205843-abe8b18a476f/server.go:449
	at src/runtime/asm_arm64.s:1223, labels: {}`
PrismaClientKnownRequestError: 
Invalid `prisma.user.upsert()` invocation in
D:\Projects Folder\Valikatti\backend\controllers\userController.js:12:36

   9 const { name, email, fcmToken } = req.body;
  10 
  11 try {
→ 12   const user = await prisma.user.upsert(
Raw query failed. Code: `unknown`. Message: `Kind: Command failed: Error code 8000 (AtlasError): empty database name not allowed
	at 6392d636f37b708da11fe341451b0d6c/atlasproxy/session_proxy.go:729
	at 6392d636f37b708da11fe341451b0d6c/atlasproxy/session_proxy.go:1592
	at 6392d636f37b708da11fe341451b0d6c/atlasproxy/session_proxy.go:1199
	at 6392d636f37b708da11fe341451b0d6c/atlasproxy/session_proxy.go:1089
	at 10gen/mongonet@v0.0.0-20260113205843-abe8b18a476f/proxy_session.go:398
	at 10gen/mongonet@v0.0.0-20260113205843-abe8b18a476f/proxy_session.go:114
	at 10gen/mongonet@v0.0.0-20260113205843-abe8b18a476f/session.go:274
	at 10gen/mongonet@v0.0.0-20260113205843-abe8b18a476f/server.go:449
	at src/runtime/asm_arm64.s:1223, labels: {}`
    at $n.handleRequestError (D:\Projects Folder\Valikatti\backend\node_modules\@prisma\client\runtime\library.js:121:7315)
    at $n.handleAndLogRequestError (D:\Projects Folder\Valikatti\backend\node_modules\@prisma\client\runtime\library.js:121:6623)
    at $n.request (D:\Projects Folder\Valikatti\backend\node_modules\@prisma\client\runtime\library.js:121:6307)
    at async l (D:\Projects Folder\Valikatti\backend\node_modules\@prisma\client\runtime\library.js:130:9633)
    at async loginUser (D:\Projects Folder\Valikatti\backend\controllers\userController.js:12:18)
2026-03-20T05:48:12.382Z - POST /api/user/login
User Controller Error: 
Invalid `prisma.user.upsert()` invocation in
D:\Projects Folder\Valikatti\backend\controllers\userController.js:12:36

   9 const { name, email, fcmToken } = req.body;
  10 
  11 try {
→ 12   const user = await prisma.user.upsert(
Raw query failed. Code: `unknown`. Message: `Kind: Command failed: Error code 8000 (AtlasError): empty database name not allowed
	at 6392d636f37b708da11fe341451b0d6c/atlasproxy/session_proxy.go:729
	at 6392d636f37b708da11fe341451b0d6c/atlasproxy/session_proxy.go:1592
	at 6392d636f37b708da11fe341451b0d6c/atlasproxy/session_proxy.go:1199
	at 6392d636f37b708da11fe341451b0d6c/atlasproxy/session_proxy.go:1089
	at 10gen/mongonet@v0.0.0-20260113205843-abe8b18a476f/proxy_session.go:398
	at 10gen/mongonet@v0.0.0-20260113205843-abe8b18a476f/proxy_session.go:114
	at 10gen/mongonet@v0.0.0-20260113205843-abe8b18a476f/session.go:274
	at 10gen/mongonet@v0.0.0-20260113205843-abe8b18a476f/server.go:449
	at src/runtime/asm_arm64.s:1223, labels: {}`
PrismaClientKnownRequestError: 
Invalid `prisma.user.upsert()` invocation in
D:\Projects Folder\Valikatti\backend\controllers\userController.js:12:36

   9 const { name, email, fcmToken } = req.body;
  10 
  11 try {
→ 12   const user = await prisma.user.upsert(
Raw query failed. Code: `unknown`. Message: `Kind: Command failed: Error code 8000 (AtlasError): empty database name not allowed
	at 6392d636f37b708da11fe341451b0d6c/atlasproxy/session_proxy.go:729
	at 6392d636f37b708da11fe341451b0d6c/atlasproxy/session_proxy.go:1592
	at 6392d636f37b708da11fe341451b0d6c/atlasproxy/session_proxy.go:1199
	at 6392d636f37b708da11fe341451b0d6c/atlasproxy/session_proxy.go:1089
	at 10gen/mongonet@v0.0.0-20260113205843-abe8b18a476f/proxy_session.go:398
	at 10gen/mongonet@v0.0.0-20260113205843-abe8b18a476f/proxy_session.go:114
	at 10gen/mongonet@v0.0.0-20260113205843-abe8b18a476f/session.go:274
	at 10gen/mongonet@v0.0.0-20260113205843-abe8b18a476f/server.go:449
	at src/runtime/asm_arm64.s:1223, labels: {}`
    at $n.handleRequestError (D:\Projects Folder\Valikatti\backend\node_modules\@prisma\client\runtime\library.js:121:7315)
    at $n.handleAndLogRequestError (D:\Projects Folder\Valikatti\backend\node_modules\@prisma\client\runtime\library.js:121:6623)
    at $n.request (D:\Projects Folder\Valikatti\backend\node_modules\@prisma\client\runtime\library.js:121:6307)
    at async l (D:\Projects Folder\Valikatti\backend\node_modules\@prisma\client\runtime\library.js:130:9633)
    at async loginUser (D:\Projects Folder\Valikatti\backend\controllers\userController.js:12:18)
2026-03-20T05:48:12.749Z - POST /api/user/login
User Controller Error: 
Invalid `prisma.user.upsert()` invocation in
D:\Projects Folder\Valikatti\backend\controllers\userController.js:12:36

   9 const { name, email, fcmToken } = req.body;
  10 
  11 try {
→ 12   const user = await prisma.user.upsert(
Raw query failed. Code: `unknown`. Message: `Kind: Command failed: Error code 8000 (AtlasError): empty database name not allowed
	at 6392d636f37b708da11fe341451b0d6c/atlasproxy/session_proxy.go:729
	at 6392d636f37b708da11fe341451b0d6c/atlasproxy/session_proxy.go:1592
	at 6392d636f37b708da11fe341451b0d6c/atlasproxy/session_proxy.go:1199
	at 6392d636f37b708da11fe341451b0d6c/atlasproxy/session_proxy.go:1089
	at 10gen/mongonet@v0.0.0-20260113205843-abe8b18a476f/proxy_session.go:398
	at 10gen/mongonet@v0.0.0-20260113205843-abe8b18a476f/proxy_session.go:114
	at 10gen/mongonet@v0.0.0-20260113205843-abe8b18a476f/session.go:274
	at 10gen/mongonet@v0.0.0-20260113205843-abe8b18a476f/server.go:449
	at src/runtime/asm_arm64.s:1223, labels: {}`
PrismaClientKnownRequestError: 
Invalid `prisma.user.upsert()` invocation in
D:\Projects Folder\Valikatti\backend\controllers\userController.js:12:36

   9 const { name, email, fcmToken } = req.body;
  10 
  11 try {
→ 12   const user = await prisma.user.upsert(
Raw query failed. Code: `unknown`. Message: `Kind: Command failed: Error code 8000 (AtlasError): empty database name not allowed
	at 6392d636f37b708da11fe341451b0d6c/atlasproxy/session_proxy.go:729
	at 6392d636f37b708da11fe341451b0d6c/atlasproxy/session_proxy.go:1592
	at 6392d636f37b708da11fe341451b0d6c/atlasproxy/session_proxy.go:1199
	at 6392d636f37b708da11fe341451b0d6c/atlasproxy/session_proxy.go:1089
	at 10gen/mongonet@v0.0.0-20260113205843-abe8b18a476f/proxy_session.go:398
	at 10gen/mongonet@v0.0.0-20260113205843-abe8b18a476f/proxy_session.go:114
	at 10gen/mongonet@v0.0.0-20260113205843-abe8b18a476f/session.go:274
	at 10gen/mongonet@v0.0.0-20260113205843-abe8b18a476f/server.go:449
	at src/runtime/asm_arm64.s:1223, labels: {}`
    at $n.handleRequestError (D:\Projects Folder\Valikatti\backend\node_modules\@prisma\client\runtime\library.js:121:7315)
    at $n.handleAndLogRequestError (D:\Projects Folder\Valikatti\backend\node_modules\@prisma\client\runtime\library.js:121:6623)
    at $n.request (D:\Projects Folder\Valikatti\backend\node_modules\@prisma\client\runtime\library.js:121:6307)
    at async l (D:\Projects Folder\Valikatti\backend\node_modules\@prisma\client\runtime\library.js:130:9633)
    at async loginUser (D:\Projects Folder\Valikatti\backend\controllers\userController.js:12:18)
2026-03-20T05:48:13.121Z - POST /api/user/login
User Controller Error: 
Invalid `prisma.user.upsert()` invocation in
D:\Projects Folder\Valikatti\backend\controllers\userController.js:12:36

   9 const { name, email, fcmToken } = req.body;
  10 
  11 try {
→ 12   const user = await prisma.user.upsert(
Raw query failed. Code: `unknown`. Message: `Kind: Command failed: Error code 8000 (AtlasError): empty database name not allowed
	at 6392d636f37b708da11fe341451b0d6c/atlasproxy/session_proxy.go:729
	at 6392d636f37b708da11fe341451b0d6c/atlasproxy/session_proxy.go:1592
	at 6392d636f37b708da11fe341451b0d6c/atlasproxy/session_proxy.go:1199
	at 6392d636f37b708da11fe341451b0d6c/atlasproxy/session_proxy.go:1089
	at 10gen/mongonet@v0.0.0-20260113205843-abe8b18a476f/proxy_session.go:398
	at 10gen/mongonet@v0.0.0-20260113205843-abe8b18a476f/proxy_session.go:114
	at 10gen/mongonet@v0.0.0-20260113205843-abe8b18a476f/session.go:274
	at 10gen/mongonet@v0.0.0-20260113205843-abe8b18a476f/server.go:449
	at src/runtime/asm_arm64.s:1223, labels: {}`
PrismaClientKnownRequestError: 
Invalid `prisma.user.upsert()` invocation in
D:\Projects Folder\Valikatti\backend\controllers\userController.js:12:36

   9 const { name, email, fcmToken } = req.body;
  10 
  11 try {
→ 12   const user = await prisma.user.upsert(
Raw query failed. Code: `unknown`. Message: `Kind: Command failed: Error code 8000 (AtlasError): empty database name not allowed
	at 6392d636f37b708da11fe341451b0d6c/atlasproxy/session_proxy.go:729
	at 6392d636f37b708da11fe341451b0d6c/atlasproxy/session_proxy.go:1592
	at 6392d636f37b708da11fe341451b0d6c/atlasproxy/session_proxy.go:1199
	at 6392d636f37b708da11fe341451b0d6c/atlasproxy/session_proxy.go:1089
	at 10gen/mongonet@v0.0.0-20260113205843-abe8b18a476f/proxy_session.go:398
	at 10gen/mongonet@v0.0.0-20260113205843-abe8b18a476f/proxy_session.go:114
	at 10gen/mongonet@v0.0.0-20260113205843-abe8b18a476f/session.go:274
	at 10gen/mongonet@v0.0.0-20260113205843-abe8b18a476f/server.go:449
	at src/runtime/asm_arm64.s:1223, labels: {}`
    at $n.handleRequestError (D:\Projects Folder\Valikatti\backend\node_modules\@prisma\client\runtime\library.js:121:7315)
    at $n.handleAndLogRequestError (D:\Projects Folder\Valikatti\backend\node_modules\@prisma\client\runtime\library.js:121:6623)
    at $n.request (D:\Projects Folder\Valikatti\backend\node_modules\@prisma\client\runtime\library.js:121:6307)
    at async l (D:\Projects Folder\Valikatti\backend\node_modules\@prisma\client\runtime\library.js:130:9633)
    at async loginUser (D:\Projects Folder\Valikatti\backend\controllers\userController.js:12:18)
2026-03-20T05:48:13.505Z - POST /api/user/login
User Controller Error: 
Invalid `prisma.user.upsert()` invocation in
D:\Projects Folder\Valikatti\backend\controllers\userController.js:12:36

   9 const { name, email, fcmToken } = req.body;
  10 
  11 try {
→ 12   const user = await prisma.user.upsert(
Raw query failed. Code: `unknown`. Message: `Kind: Command failed: Error code 8000 (AtlasError): empty database name not allowed
	at 6392d636f37b708da11fe341451b0d6c/atlasproxy/session_proxy.go:729
	at 6392d636f37b708da11fe341451b0d6c/atlasproxy/session_proxy.go:1592
	at 6392d636f37b708da11fe341451b0d6c/atlasproxy/session_proxy.go:1199
	at 6392d636f37b708da11fe341451b0d6c/atlasproxy/session_proxy.go:1089
	at 10gen/mongonet@v0.0.0-20260113205843-abe8b18a476f/proxy_session.go:398
	at 10gen/mongonet@v0.0.0-20260113205843-abe8b18a476f/proxy_session.go:114
	at 10gen/mongonet@v0.0.0-20260113205843-abe8b18a476f/session.go:274
	at 10gen/mongonet@v0.0.0-20260113205843-abe8b18a476f/server.go:449
	at src/runtime/asm_arm64.s:1223, labels: {}`
PrismaClientKnownRequestError: 
Invalid `prisma.user.upsert()` invocation in
D:\Projects Folder\Valikatti\backend\controllers\userController.js:12:36

   9 const { name, email, fcmToken } = req.body;
  10 
  11 try {
→ 12   const user = await prisma.user.upsert(
Raw query failed. Code: `unknown`. Message: `Kind: Command failed: Error code 8000 (AtlasError): empty database name not allowed
	at 6392d636f37b708da11fe341451b0d6c/atlasproxy/session_proxy.go:729
	at 6392d636f37b708da11fe341451b0d6c/atlasproxy/session_proxy.go:1592
	at 6392d636f37b708da11fe341451b0d6c/atlasproxy/session_proxy.go:1199
	at 6392d636f37b708da11fe341451b0d6c/atlasproxy/session_proxy.go:1089
	at 10gen/mongonet@v0.0.0-20260113205843-abe8b18a476f/proxy_session.go:398
	at 10gen/mongonet@v0.0.0-20260113205843-abe8b18a476f/proxy_session.go:114
	at 10gen/mongonet@v0.0.0-20260113205843-abe8b18a476f/session.go:274
	at 10gen/mongonet@v0.0.0-20260113205843-abe8b18a476f/server.go:449
	at src/runtime/asm_arm64.s:1223, labels: {}`
    at $n.handleRequestError (D:\Projects Folder\Valikatti\backend\node_modules\@prisma\client\runtime\library.js:121:7315)
    at $n.handleAndLogRequestError (D:\Projects Folder\Valikatti\backend\node_modules\@prisma\client\runtime\library.js:121:6623)
    at $n.request (D:\Projects Folder\Valikatti\backend\node_modules\@prisma\client\runtime\library.js:121:6307)
    at async l (D:\Projects Folder\Valikatti\backend\node_modules\@prisma\client\runtime\library.js:130:9633)
    at async loginUser (D:\Projects Folder\Valikatti\backend\controllers\userController.js:12:18)
2026-03-20T05:48:13.874Z - POST /api/user/login
User Controller Error: 
Invalid `prisma.user.upsert()` invocation in
D:\Projects Folder\Valikatti\backend\controllers\userController.js:12:36

   9 const { name, email, fcmToken } = req.body;
  10 
  11 try {
→ 12   const user = await prisma.user.upsert(
Raw query failed. Code: `unknown`. Message: `Kind: Command failed: Error code 8000 (AtlasError): empty database name not allowed
	at 6392d636f37b708da11fe341451b0d6c/atlasproxy/session_proxy.go:729
	at 6392d636f37b708da11fe341451b0d6c/atlasproxy/session_proxy.go:1592
	at 6392d636f37b708da11fe341451b0d6c/atlasproxy/session_proxy.go:1199
	at 6392d636f37b708da11fe341451b0d6c/atlasproxy/session_proxy.go:1089
	at 10gen/mongonet@v0.0.0-20260113205843-abe8b18a476f/proxy_session.go:398
	at 10gen/mongonet@v0.0.0-20260113205843-abe8b18a476f/proxy_session.go:114
	at 10gen/mongonet@v0.0.0-20260113205843-abe8b18a476f/session.go:274
	at 10gen/mongonet@v0.0.0-20260113205843-abe8b18a476f/server.go:449
	at src/runtime/asm_arm64.s:1223, labels: {}`
PrismaClientKnownRequestError: 
Invalid `prisma.user.upsert()` invocation in
D:\Projects Folder\Valikatti\backend\controllers\userController.js:12:36

   9 const { name, email, fcmToken } = req.body;
  10 
  11 try {
→ 12   const user = await prisma.user.upsert(
Raw query failed. Code: `unknown`. Message: `Kind: Command failed: Error code 8000 (AtlasError): empty database name not allowed
	at 6392d636f37b708da11fe341451b0d6c/atlasproxy/session_proxy.go:729
	at 6392d636f37b708da11fe341451b0d6c/atlasproxy/session_proxy.go:1592
	at 6392d636f37b708da11fe341451b0d6c/atlasproxy/session_proxy.go:1199
	at 6392d636f37b708da11fe341451b0d6c/atlasproxy/session_proxy.go:1089
	at 10gen/mongonet@v0.0.0-20260113205843-abe8b18a476f/proxy_session.go:398
	at 10gen/mongonet@v0.0.0-20260113205843-abe8b18a476f/proxy_session.go:114
	at 10gen/mongonet@v0.0.0-20260113205843-abe8b18a476f/session.go:274
	at 10gen/mongonet@v0.0.0-20260113205843-abe8b18a476f/server.go:449
	at src/runtime/asm_arm64.s:1223, labels: {}`
    at $n.handleRequestError (D:\Projects Folder\Valikatti\backend\node_modules\@prisma\client\runtime\library.js:121:7315)
    at $n.handleAndLogRequestError (D:\Projects Folder\Valikatti\backend\node_modules\@prisma\client\runtime\library.js:121:6623)
    at $n.request (D:\Projects Folder\Valikatti\backend\node_modules\@prisma\client\runtime\library.js:121:6307)
    at async l (D:\Projects Folder\Valikatti\backend\node_modules\@prisma\client\runtime\library.js:130:9633)
    at async loginUser (D:\Projects Folder\Valikatti\backend\controllers\userController.js:12:18)
2026-03-20T05:48:14.405Z - POST /api/user/login
User Controller Error: 
Invalid `prisma.user.upsert()` invocation in
D:\Projects Folder\Valikatti\backend\controllers\userController.js:12:36

   9 const { name, email, fcmToken } = req.body;
  10 
  11 try {
→ 12   const user = await prisma.user.upsert(
Raw query failed. Code: `unknown`. Message: `Kind: Command failed: Error code 8000 (AtlasError): empty database name not allowed
	at 6392d636f37b708da11fe341451b0d6c/atlasproxy/session_proxy.go:729
	at 6392d636f37b708da11fe341451b0d6c/atlasproxy/session_proxy.go:1592
	at 6392d636f37b708da11fe341451b0d6c/atlasproxy/session_proxy.go:1199
	at 6392d636f37b708da11fe341451b0d6c/atlasproxy/session_proxy.go:1089
	at 10gen/mongonet@v0.0.0-20260113205843-abe8b18a476f/proxy_session.go:398
	at 10gen/mongonet@v0.0.0-20260113205843-abe8b18a476f/proxy_session.go:114
	at 10gen/mongonet@v0.0.0-20260113205843-abe8b18a476f/session.go:274
	at 10gen/mongonet@v0.0.0-20260113205843-abe8b18a476f/server.go:449
	at src/runtime/asm_arm64.s:1223, labels: {}`
PrismaClientKnownRequestError: 
Invalid `prisma.user.upsert()` invocation in
D:\Projects Folder\Valikatti\backend\controllers\userController.js:12:36

   9 const { name, email, fcmToken } = req.body;
  10 
  11 try {
→ 12   const user = await prisma.user.upsert(
Raw query failed. Code: `unknown`. Message: `Kind: Command failed: Error code 8000 (AtlasError): empty database name not allowed
	at 6392d636f37b708da11fe341451b0d6c/atlasproxy/session_proxy.go:729
	at 6392d636f37b708da11fe341451b0d6c/atlasproxy/session_proxy.go:1592
	at 6392d636f37b708da11fe341451b0d6c/atlasproxy/session_proxy.go:1199
	at 6392d636f37b708da11fe341451b0d6c/atlasproxy/session_proxy.go:1089
	at 10gen/mongonet@v0.0.0-20260113205843-abe8b18a476f/proxy_session.go:398
	at 10gen/mongonet@v0.0.0-20260113205843-abe8b18a476f/proxy_session.go:114
	at 10gen/mongonet@v0.0.0-20260113205843-abe8b18a476f/session.go:274
	at 10gen/mongonet@v0.0.0-20260113205843-abe8b18a476f/server.go:449
	at src/runtime/asm_arm64.s:1223, labels: {}`
    at $n.handleRequestError (D:\Projects Folder\Valikatti\backend\node_modules\@prisma\client\runtime\library.js:121:7315)
    at $n.handleAndLogRequestError (D:\Projects Folder\Valikatti\backend\node_modules\@prisma\client\runtime\library.js:121:6623)
    at $n.request (D:\Projects Folder\Valikatti\backend\node_modules\@prisma\client\runtime\library.js:121:6307)
    at async l (D:\Projects Folder\Valikatti\backend\node_modules\@prisma\client\runtime\library.js:130:9633)
    at async loginUser (D:\Projects Folder\Valikatti\backend\controllers\userController.js:12:18)
2026-03-20T05:48:14.823Z - POST /api/user/login
User Controller Error: 
Invalid `prisma.user.upsert()` invocation in
D:\Projects Folder\Valikatti\backend\controllers\userController.js:12:36

   9 const { name, email, fcmToken } = req.body;
  10 
  11 try {
→ 12   const user = await prisma.user.upsert(
Raw query failed. Code: `unknown`. Message: `Kind: Command failed: Error code 8000 (AtlasError): empty database name not allowed
	at 6392d636f37b708da11fe341451b0d6c/atlasproxy/session_proxy.go:729
	at 6392d636f37b708da11fe341451b0d6c/atlasproxy/session_proxy.go:1592
	at 6392d636f37b708da11fe341451b0d6c/atlasproxy/session_proxy.go:1199
	at 6392d636f37b708da11fe341451b0d6c/atlasproxy/session_proxy.go:1089
	at 10gen/mongonet@v0.0.0-20260113205843-abe8b18a476f/proxy_session.go:398
	at 10gen/mongonet@v0.0.0-20260113205843-abe8b18a476f/proxy_session.go:114
	at 10gen/mongonet@v0.0.0-20260113205843-abe8b18a476f/session.go:274
	at 10gen/mongonet@v0.0.0-20260113205843-abe8b18a476f/server.go:449
	at src/runtime/asm_arm64.s:1223, labels: {}`
PrismaClientKnownRequestError: 
Invalid `prisma.user.upsert()` invocation in
D:\Projects Folder\Valikatti\backend\controllers\userController.js:12:36

   9 const { name, email, fcmToken } = req.body;
  10 
  11 try {
→ 12   const user = await prisma.user.upsert(
Raw query failed. Code: `unknown`. Message: `Kind: Command failed: Error code 8000 (AtlasError): empty database name not allowed
	at 6392d636f37b708da11fe341451b0d6c/atlasproxy/session_proxy.go:729
	at 6392d636f37b708da11fe341451b0d6c/atlasproxy/session_proxy.go:1592
	at 6392d636f37b708da11fe341451b0d6c/atlasproxy/session_proxy.go:1199
	at 6392d636f37b708da11fe341451b0d6c/atlasproxy/session_proxy.go:1089
	at 10gen/mongonet@v0.0.0-20260113205843-abe8b18a476f/proxy_session.go:398
	at 10gen/mongonet@v0.0.0-20260113205843-abe8b18a476f/proxy_session.go:114
	at 10gen/mongonet@v0.0.0-20260113205843-abe8b18a476f/session.go:274
	at 10gen/mongonet@v0.0.0-20260113205843-abe8b18a476f/server.go:449
	at src/runtime/asm_arm64.s:1223, labels: {}`
    at $n.handleRequestError (D:\Projects Folder\Valikatti\backend\node_modules\@prisma\client\runtime\library.js:121:7315)
    at $n.handleAndLogRequestError (D:\Projects Folder\Valikatti\backend\node_modules\@prisma\client\runtime\library.js:121:6623)
    at $n.request (D:\Projects Folder\Valikatti\backend\node_modules\@prisma\client\runtime\library.js:121:6307)
    at async l (D:\Projects Folder\Valikatti\backend\node_modules\@prisma\client\runtime\library.js:130:9633)
    at async loginUser (D:\Projects Folder\Valikatti\backend\controllers\userController.js:12:18)
2026-03-20T05:48:15.174Z - POST /api/user/login
User Controller Error: 
Invalid `prisma.user.upsert()` invocation in
D:\Projects Folder\Valikatti\backend\controllers\userController.js:12:36

   9 const { name, email, fcmToken } = req.body;
  10 
  11 try {
→ 12   const user = await prisma.user.upsert(
Raw query failed. Code: `unknown`. Message: `Kind: Command failed: Error code 8000 (AtlasError): empty database name not allowed
	at 6392d636f37b708da11fe341451b0d6c/atlasproxy/session_proxy.go:729
	at 6392d636f37b708da11fe341451b0d6c/atlasproxy/session_proxy.go:1592
	at 6392d636f37b708da11fe341451b0d6c/atlasproxy/session_proxy.go:1199
	at 6392d636f37b708da11fe341451b0d6c/atlasproxy/session_proxy.go:1089
	at 10gen/mongonet@v0.0.0-20260113205843-abe8b18a476f/proxy_session.go:398
	at 10gen/mongonet@v0.0.0-20260113205843-abe8b18a476f/proxy_session.go:114
	at 10gen/mongonet@v0.0.0-20260113205843-abe8b18a476f/session.go:274
	at 10gen/mongonet@v0.0.0-20260113205843-abe8b18a476f/server.go:449
	at src/runtime/asm_arm64.s:1223, labels: {}`
PrismaClientKnownRequestError: 
Invalid `prisma.user.upsert()` invocation in
D:\Projects Folder\Valikatti\backend\controllers\userController.js:12:36

   9 const { name, email, fcmToken } = req.body;
  10 
  11 try {
→ 12   const user = await prisma.user.upsert(
Raw query failed. Code: `unknown`. Message: `Kind: Command failed: Error code 8000 (AtlasError): empty database name not allowed
	at 6392d636f37b708da11fe341451b0d6c/atlasproxy/session_proxy.go:729
	at 6392d636f37b708da11fe341451b0d6c/atlasproxy/session_proxy.go:1592
	at 6392d636f37b708da11fe341451b0d6c/atlasproxy/session_proxy.go:1199
	at 6392d636f37b708da11fe341451b0d6c/atlasproxy/session_proxy.go:1089
	at 10gen/mongonet@v0.0.0-20260113205843-abe8b18a476f/proxy_session.go:398
	at 10gen/mongonet@v0.0.0-20260113205843-abe8b18a476f/proxy_session.go:114
	at 10gen/mongonet@v0.0.0-20260113205843-abe8b18a476f/session.go:274
	at 10gen/mongonet@v0.0.0-20260113205843-abe8b18a476f/server.go:449
	at src/runtime/asm_arm64.s:1223, labels: {}`
    at $n.handleRequestError (D:\Projects Folder\Valikatti\backend\node_modules\@prisma\client\runtime\library.js:121:7315)
    at $n.handleAndLogRequestError (D:\Projects Folder\Valikatti\backend\node_modules\@prisma\client\runtime\library.js:121:6623)
    at $n.request (D:\Projects Folder\Valikatti\backend\node_modules\@prisma\client\runtime\library.js:121:6307)
    at async l (D:\Projects Folder\Valikatti\backend\node_modules\@prisma\client\runtime\library.js:130:9633)
    at async loginUser (D:\Projects Folder\Valikatti\backend\controllers\userController.js:12:18)
2026-03-20T05:48:15.558Z - POST /api/user/login
User Controller Error: 
Invalid `prisma.user.upsert()` invocation in
D:\Projects Folder\Valikatti\backend\controllers\userController.js:12:36

   9 const { name, email, fcmToken } = req.body;
  10 
  11 try {
→ 12   const user = await prisma.user.upsert(
Raw query failed. Code: `unknown`. Message: `Kind: Command failed: Error code 8000 (AtlasError): empty database name not allowed
	at 6392d636f37b708da11fe341451b0d6c/atlasproxy/session_proxy.go:729
	at 6392d636f37b708da11fe341451b0d6c/atlasproxy/session_proxy.go:1592
	at 6392d636f37b708da11fe341451b0d6c/atlasproxy/session_proxy.go:1199
	at 6392d636f37b708da11fe341451b0d6c/atlasproxy/session_proxy.go:1089
	at 10gen/mongonet@v0.0.0-20260113205843-abe8b18a476f/proxy_session.go:398
	at 10gen/mongonet@v0.0.0-20260113205843-abe8b18a476f/proxy_session.go:114
	at 10gen/mongonet@v0.0.0-20260113205843-abe8b18a476f/session.go:274
	at 10gen/mongonet@v0.0.0-20260113205843-abe8b18a476f/server.go:449
	at src/runtime/asm_arm64.s:1223, labels: {}`
PrismaClientKnownRequestError: 
Invalid `prisma.user.upsert()` invocation in
D:\Projects Folder\Valikatti\backend\controllers\userController.js:12:36

   9 const { name, email, fcmToken } = req.body;
  10 
  11 try {
→ 12   const user = await prisma.user.upsert(
Raw query failed. Code: `unknown`. Message: `Kind: Command failed: Error code 8000 (AtlasError): empty database name not allowed
	at 6392d636f37b708da11fe341451b0d6c/atlasproxy/session_proxy.go:729
	at 6392d636f37b708da11fe341451b0d6c/atlasproxy/session_proxy.go:1592
	at 6392d636f37b708da11fe341451b0d6c/atlasproxy/session_proxy.go:1199
	at 6392d636f37b708da11fe341451b0d6c/atlasproxy/session_proxy.go:1089
	at 10gen/mongonet@v0.0.0-20260113205843-abe8b18a476f/proxy_session.go:398
	at 10gen/mongonet@v0.0.0-20260113205843-abe8b18a476f/proxy_session.go:114
	at 10gen/mongonet@v0.0.0-20260113205843-abe8b18a476f/session.go:274
	at 10gen/mongonet@v0.0.0-20260113205843-abe8b18a476f/server.go:449
	at src/runtime/asm_arm64.s:1223, labels: {}`
    at $n.handleRequestError (D:\Projects Folder\Valikatti\backend\node_modules\@prisma\client\runtime\library.js:121:7315)
    at $n.handleAndLogRequestError (D:\Projects Folder\Valikatti\backend\node_modules\@prisma\client\runtime\library.js:121:6623)
    at $n.request (D:\Projects Folder\Valikatti\backend\node_modules\@prisma\client\runtime\library.js:121:6307)
    at async l (D:\Projects Folder\Valikatti\backend\node_modules\@prisma\client\runtime\library.js:130:9633)
    at async loginUser (D:\Projects Folder\Valikatti\backend\controllers\userController.js:12:18)
2026-03-20T05:48:15.925Z - POST /api/user/login
User Controller Error: 
Invalid `prisma.user.upsert()` invocation in
D:\Projects Folder\Valikatti\backend\controllers\userController.js:12:36

   9 const { name, email, fcmToken } = req.body;
  10 
  11 try {
→ 12   const user = await prisma.user.upsert(
Raw query failed. Code: `unknown`. Message: `Kind: Command failed: Error code 8000 (AtlasError): empty database name not allowed
	at 6392d636f37b708da11fe341451b0d6c/atlasproxy/session_proxy.go:729
	at 6392d636f37b708da11fe341451b0d6c/atlasproxy/session_proxy.go:1592
	at 6392d636f37b708da11fe341451b0d6c/atlasproxy/session_proxy.go:1199
	at 6392d636f37b708da11fe341451b0d6c/atlasproxy/session_proxy.go:1089
	at 10gen/mongonet@v0.0.0-20260113205843-abe8b18a476f/proxy_session.go:398
	at 10gen/mongonet@v0.0.0-20260113205843-abe8b18a476f/proxy_session.go:114
	at 10gen/mongonet@v0.0.0-20260113205843-abe8b18a476f/session.go:274
	at 10gen/mongonet@v0.0.0-20260113205843-abe8b18a476f/server.go:449
	at src/runtime/asm_arm64.s:1223, labels: {}`
PrismaClientKnownRequestError: 
Invalid `prisma.user.upsert()` invocation in
D:\Projects Folder\Valikatti\backend\controllers\userController.js:12:36

   9 const { name, email, fcmToken } = req.body;
  10 
  11 try {
→ 12   const user = await prisma.user.upsert(
Raw query failed. Code: `unknown`. Message: `Kind: Command failed: Error code 8000 (AtlasError): empty database name not allowed
	at 6392d636f37b708da11fe341451b0d6c/atlasproxy/session_proxy.go:729
	at 6392d636f37b708da11fe341451b0d6c/atlasproxy/session_proxy.go:1592
	at 6392d636f37b708da11fe341451b0d6c/atlasproxy/session_proxy.go:1199
	at 6392d636f37b708da11fe341451b0d6c/atlasproxy/session_proxy.go:1089
	at 10gen/mongonet@v0.0.0-20260113205843-abe8b18a476f/proxy_session.go:398
	at 10gen/mongonet@v0.0.0-20260113205843-abe8b18a476f/proxy_session.go:114
	at 10gen/mongonet@v0.0.0-20260113205843-abe8b18a476f/session.go:274
	at 10gen/mongonet@v0.0.0-20260113205843-abe8b18a476f/server.go:449
	at src/runtime/asm_arm64.s:1223, labels: {}`
    at $n.handleRequestError (D:\Projects Folder\Valikatti\backend\node_modules\@prisma\client\runtime\library.js:121:7315)
    at $n.handleAndLogRequestError (D:\Projects Folder\Valikatti\backend\node_modules\@prisma\client\runtime\library.js:121:6623)
    at $n.request (D:\Projects Folder\Valikatti\backend\node_modules\@prisma\client\runtime\library.js:121:6307)
    at async l (D:\Projects Folder\Valikatti\backend\node_modules\@prisma\client\runtime\library.js:130:9633)
    at async loginUser (D:\Projects Folder\Valikatti\backend\controllers\userController.js:12:18)
2026-03-20T05:48:21.339Z - POST /api/user/login
User Controller Error: 
Invalid `prisma.user.upsert()` invocation in
D:\Projects Folder\Valikatti\backend\controllers\userController.js:12:36

   9 const { name, email, fcmToken } = req.body;
  10 
  11 try {
→ 12   const user = await prisma.user.upsert(
Raw query failed. Code: `unknown`. Message: `Kind: Command failed: Error code 8000 (AtlasError): empty database name not allowed
	at 6392d636f37b708da11fe341451b0d6c/atlasproxy/session_proxy.go:729
	at 6392d636f37b708da11fe341451b0d6c/atlasproxy/session_proxy.go:1592
	at 6392d636f37b708da11fe341451b0d6c/atlasproxy/session_proxy.go:1199
	at 6392d636f37b708da11fe341451b0d6c/atlasproxy/session_proxy.go:1089
	at 10gen/mongonet@v0.0.0-20260113205843-abe8b18a476f/proxy_session.go:398
	at 10gen/mongonet@v0.0.0-20260113205843-abe8b18a476f/proxy_session.go:114
	at 10gen/mongonet@v0.0.0-20260113205843-abe8b18a476f/session.go:274
	at 10gen/mongonet@v0.0.0-20260113205843-abe8b18a476f/server.go:449
	at src/runtime/asm_arm64.s:1223, labels: {}`
PrismaClientKnownRequestError: 
Invalid `prisma.user.upsert()` invocation in
D:\Projects Folder\Valikatti\backend\controllers\userController.js:12:36

   9 const { name, email, fcmToken } = req.body;
  10 
  11 try {
→ 12   const user = await prisma.user.upsert(
Raw query failed. Code: `unknown`. Message: `Kind: Command failed: Error code 8000 (AtlasError): empty database name not allowed
	at 6392d636f37b708da11fe341451b0d6c/atlasproxy/session_proxy.go:729
	at 6392d636f37b708da11fe341451b0d6c/atlasproxy/session_proxy.go:1592
	at 6392d636f37b708da11fe341451b0d6c/atlasproxy/session_proxy.go:1199
	at 6392d636f37b708da11fe341451b0d6c/atlasproxy/session_proxy.go:1089
	at 10gen/mongonet@v0.0.0-20260113205843-abe8b18a476f/proxy_session.go:398
	at 10gen/mongonet@v0.0.0-20260113205843-abe8b18a476f/proxy_session.go:114
	at 10gen/mongonet@v0.0.0-20260113205843-abe8b18a476f/session.go:274
	at 10gen/mongonet@v0.0.0-20260113205843-abe8b18a476f/server.go:449
	at src/runtime/asm_arm64.s:1223, labels: {}`
    at $n.handleRequestError (D:\Projects Folder\Valikatti\backend\node_modules\@prisma\client\runtime\library.js:121:7315)
    at $n.handleAndLogRequestError (D:\Projects Folder\Valikatti\backend\node_modules\@prisma\client\runtime\library.js:121:6623)
    at $n.request (D:\Projects Folder\Valikatti\backend\node_modules\@prisma\client\runtime\library.js:121:6307)
    at async l (D:\Projects Folder\Valikatti\backend\node_modules\@prisma\client\runtime\library.js:130:9633)
    at async loginUser (D:\Projects Folder\Valikatti\backend\controllers\userController.js:12:18)
2026-03-20T06:18:13.647Z - GET /api/admin/panchangam
2026-03-20T06:18:14.293Z - GET /api/admin/rasi-palan
2026-03-20T06:18:14.616Z - GET /api/admin/panchangam
2026-03-20T06:18:14.755Z - GET /api/admin/rasi-palan
2026-03-20T06:18:19.331Z - POST /api/admin/rasi-palan
2026-03-20T06:18:19.574Z - GET /api/admin/rasi-palan
2026-03-20T06:21:18.458Z - POST /api/user/login
2026-03-20T06:21:25.462Z - POST /api/user/select-rasi
2026-03-20T06:21:25.980Z - GET /api/user/daily?rasi=Simmam
2026-03-20T06:22:05.261Z - POST /api/admin/rasi-palan
2026-03-20T06:22:05.494Z - GET /api/admin/rasi-palan
2026-03-20T06:22:20.090Z - GET /api/user/daily?rasi=Simmam
2026-03-20T06:22:48.533Z - GET /api/admin/panchangam
2026-03-20T06:22:48.616Z - GET /api/admin/panchangam
2026-03-20T06:23:02.498Z - GET /api/admin/users
2026-03-20T06:23:02.568Z - GET /api/admin/users
2026-03-20T06:23:14.052Z - GET /api/admin/users
2026-03-20T06:23:14.123Z - GET /api/admin/users
2026-03-20T06:23:51.280Z - GET /api/admin/rasi-palan
2026-03-20T06:23:52.234Z - GET /api/admin/panchangam
2026-03-20T06:23:53.436Z - GET /api/admin/panchangam
2026-03-20T06:23:54.614Z - GET /api/admin/users
2026-03-20T06:23:54.682Z - GET /api/admin/users
2026-03-20T06:23:57.779Z - GET /api/admin/users
2026-03-20T06:23:57.874Z - GET /api/admin/users
2026-03-20T06:23:59.039Z - GET /api/admin/panchangam
2026-03-20T06:23:59.117Z - GET /api/admin/panchangam
2026-03-20T06:24:11.291Z - GET /api/admin/rasi-palan
2026-03-20T06:24:19.562Z - GET /api/admin/rasi-palan
2026-03-20T06:24:19.564Z - GET /api/admin/rasi-palan
2026-03-20T06:24:59.364Z - GET /api/admin/panchangam
2026-03-20T06:24:59.429Z - GET /api/admin/panchangam
2026-03-20T06:24:59.926Z - GET /api/admin/users
2026-03-20T06:24:59.998Z - GET /api/admin/users
2026-03-20T06:25:02.816Z - GET /api/admin/users
2026-03-20T06:25:02.896Z - GET /api/admin/users
2026-03-20T06:25:03.375Z - GET /api/admin/panchangam
2026-03-20T06:25:03.438Z - GET /api/admin/panchangam
2026-03-20T06:25:04.509Z - GET /api/admin/users
2026-03-20T06:25:04.579Z - GET /api/admin/users
2026-03-20T06:25:10.478Z - GET /api/admin/panchangam
2026-03-20T06:25:10.548Z - GET /api/admin/panchangam
2026-03-20T06:25:16.790Z - GET /api/admin/rasi-palan
2026-03-20T06:25:16.791Z - GET /api/admin/rasi-palan
2026-03-20T06:25:21.371Z - GET /api/admin/panchangam
2026-03-20T06:25:21.439Z - GET /api/admin/panchangam
2026-03-20T06:25:22.646Z - GET /api/admin/users
2026-03-20T06:25:22.719Z - GET /api/admin/users
2026-03-20T06:25:26.344Z - GET /api/admin/users
2026-03-20T06:25:26.404Z - GET /api/admin/users
2026-03-20T06:25:30.660Z - GET /api/admin/panchangam
2026-03-20T06:25:30.724Z - GET /api/admin/panchangam
2026-03-20T06:25:31.441Z - GET /api/admin/rasi-palan
2026-03-20T06:25:31.442Z - GET /api/admin/rasi-palan
2026-03-20T06:25:33.485Z - GET /api/admin/panchangam
2026-03-20T06:25:33.571Z - GET /api/admin/panchangam
2026-03-20T06:25:40.084Z - GET /api/admin/rasi-palan
2026-03-20T06:25:40.090Z - GET /api/admin/rasi-palan
2026-03-20T06:25:51.069Z - GET /api/admin/rasi-palan
2026-03-20T06:25:51.071Z - GET /api/admin/rasi-palan
2026-03-20T06:25:51.580Z - GET /api/admin/rasi-palan
2026-03-20T06:25:51.650Z - GET /api/admin/rasi-palan
2026-03-20T06:25:51.728Z - GET /api/admin/rasi-palan
2026-03-20T06:25:51.811Z - GET /api/admin/rasi-palan
2026-03-20T06:32:37.101Z - POST /api/admin/rasi-palan
2026-03-20T06:32:37.680Z - GET /api/admin/rasi-palan
2026-03-20T06:32:44.684Z - POST /api/admin/rasi-palan
2026-03-20T06:32:44.879Z - GET /api/admin/rasi-palan
2026-03-20T06:32:53.675Z - GET /api/admin/panchangam
2026-03-20T06:32:53.747Z - GET /api/admin/panchangam
2026-03-20T06:32:55.606Z - GET /api/admin/users
2026-03-20T06:32:55.679Z - GET /api/admin/users
2026-03-20T06:34:13.208Z - GET /api/admin/users
2026-03-20T06:34:13.275Z - GET /api/admin/users
2026-03-20T06:34:48.793Z - GET /api/admin/users
2026-03-20T06:34:49.218Z - GET /api/admin/users
2026-03-20T06:34:50.826Z - GET /api/admin/panchangam
2026-03-20T06:34:50.901Z - GET /api/admin/panchangam
2026-03-20T06:34:52.064Z - GET /api/admin/rasi-palan
2026-03-20T06:34:52.135Z - GET /api/admin/rasi-palan
2026-03-20T06:35:00.439Z - GET /api/admin/rasi-palan
2026-03-20T06:35:00.504Z - GET /api/admin/rasi-palan
2026-03-20T06:35:02.264Z - GET /api/admin/users
2026-03-20T06:35:02.376Z - GET /api/admin/users
2026-03-20T06:35:03.323Z - GET /api/admin/panchangam
2026-03-20T06:35:03.439Z - GET /api/admin/panchangam
2026-03-20T06:35:09.438Z - GET /api/admin/users
2026-03-20T06:35:09.515Z - GET /api/admin/users
2026-03-20T06:35:23.277Z - GET /api/admin/panchangam
2026-03-20T06:35:23.345Z - GET /api/admin/panchangam
2026-03-20T06:36:37.949Z - GET /api/admin/panchangam
2026-03-20T07:49:40.645Z - POST /api/admin/panchangam
2026-03-20T07:49:41.391Z - GET /api/admin/panchangam
2026-03-20T07:50:07.390Z - GET /api/user/daily?rasi=Simmam
2026-03-20T08:07:21.646Z - POST /api/user/login
2026-03-20T08:07:28.603Z - POST /api/user/select-rasi
2026-03-20T08:07:29.159Z - GET /api/user/daily?rasi=Mesham
2026-03-20T08:08:09.234Z - POST /api/user/login
2026-03-20T08:08:09.747Z - GET /api/user/daily?rasi=Mesham
2026-03-20T09:45:15.899Z - POST /api/user/login
2026-03-20T09:45:21.028Z - POST /api/user/select-rasi
2026-03-20T09:45:21.472Z - GET /api/user/daily?rasi=Thulaam
2026-03-20T09:45:47.551Z - POST /api/user/login
2026-03-20T09:45:47.954Z - GET /api/user/daily?rasi=Thulaam
2026-03-20T09:56:48.835Z - POST /api/user/login
2026-03-20T09:57:00.331Z - GET /api/user/daily?rasi=Simmam&type=daily
2026-03-20T09:57:00.333Z - GET /api/user/panchangam
2026-03-20T09:57:03.471Z - GET /api/user/panchangam
2026-03-20T09:57:13.080Z - GET /api/user/panchangam
2026-03-20T09:57:20.092Z - GET /api/user/daily?rasi=Simmam&type=daily
2026-03-20T09:57:24.521Z - GET /api/user/daily?rasi=Simmam&type=weekly
2026-03-20T09:57:28.084Z - GET /api/user/daily?rasi=Simmam&type=monthly
2026-03-20T09:57:31.368Z - GET /api/user/daily?rasi=Simmam&type=yearly
2026-03-20T09:57:41.373Z - GET /api/user/festivals
2026-03-20T10:08:34.355Z - POST /api/user/login
2026-03-20T10:08:44.151Z - POST /api/user/select-rasi
2026-03-20T10:08:44.655Z - GET /api/user/daily?rasi=Simmam&type=daily
2026-03-20T10:08:44.658Z - GET /api/user/panchangam
2026-03-20T10:16:34.202Z - GET /api/admin/rasi-palan
2026-03-20T10:16:35.470Z - GET /api/admin/rasi-palan
2026-03-20T10:16:43.178Z - GET /api/admin/panchangam
2026-03-20T10:16:43.266Z - GET /api/admin/panchangam
2026-03-20T10:16:44.243Z - GET /api/admin/festivals
2026-03-20T10:16:44.332Z - GET /api/admin/festivals
2026-03-20T10:16:45.778Z - GET /api/admin/mugurtham
2026-03-20T10:16:45.863Z - GET /api/admin/mugurtham
2026-03-20T10:17:01.560Z - POST /api/admin/mugurtham
2026-03-20T10:17:01.828Z - GET /api/admin/mugurtham
2026-03-20T10:17:03.848Z - GET /api/admin/nalla-neram
2026-03-20T10:17:03.933Z - GET /api/admin/nalla-neram
2026-03-20T10:17:21.296Z - POST /api/admin/nalla-neram
2026-03-20T10:17:21.564Z - GET /api/admin/nalla-neram
2026-03-20T10:17:24.330Z - GET /api/admin/users
2026-03-20T10:17:24.463Z - GET /api/admin/users
2026-03-20T10:17:36.324Z - GET /api/admin/users
2026-03-20T10:17:36.427Z - GET /api/admin/users
2026-03-20T10:17:37.033Z - GET /api/admin/nalla-neram
2026-03-20T10:17:37.113Z - GET /api/admin/nalla-neram
2026-03-20T10:17:37.752Z - GET /api/admin/mugurtham
2026-03-20T10:17:37.839Z - GET /api/admin/mugurtham
2026-03-20T10:17:39.169Z - GET /api/admin/festivals
2026-03-20T10:17:39.251Z - GET /api/admin/festivals
2026-03-20T10:17:39.872Z - GET /api/admin/panchangam
2026-03-20T10:17:39.962Z - GET /api/admin/panchangam
2026-04-03T05:26:49.890Z - GET /api/user/app-content
2026-04-03T05:26:49.901Z - GET /api/user/app-cards
2026-04-03T05:27:12.543Z - POST /api/user/login
2026-04-03T05:27:15.706Z - POST /api/user/select-rasi
2026-04-03T05:27:16.056Z - GET /api/user/panchangam
2026-04-03T05:27:16.061Z - GET /api/user/rasi-palan?rasi=Thulaam&type=daily
2026-04-03T05:27:18.145Z - GET /api/user/rasi-palan?rasi=Kanni&type=daily
2026-04-03T05:27:18.583Z - GET /api/user/rasi-palan?rasi=Simmam&type=daily
2026-04-03T05:27:21.616Z - POST /api/user/login
2026-04-03T05:27:21.995Z - GET /api/user/daily?rasi=Thulaam&type=daily
2026-04-03T05:27:21.996Z - GET /api/user/panchangam
2026-04-03T05:27:34.982Z - GET /api/user/app-cards
2026-04-03T05:27:34.984Z - GET /api/user/app-content
2026-04-03T05:27:37.855Z - GET /api/user/panchangam
2026-04-03T05:27:37.858Z - GET /api/user/daily?rasi=Thulaam&type=daily
2026-04-03T05:27:49.993Z - GET /api/user/app-content
2026-04-03T05:27:49.995Z - GET /api/user/app-cards
2026-04-03T05:27:52.689Z - GET /api/user/panchangam
2026-04-03T05:27:52.691Z - GET /api/user/daily?rasi=Thulaam&type=daily
2026-04-03T05:30:22.826Z - GET /api/user/app-cards
2026-04-03T05:32:28.190Z - GET /api/admin/rasi-palan
2026-04-03T05:32:29.028Z - GET /api/admin/rasi-palan
2026-04-03T05:32:29.166Z - GET /api/admin/panchangam
2026-04-03T05:32:29.233Z - GET /api/admin/panchangam
2026-04-03T05:32:30.082Z - GET /api/admin/rasi-palan
2026-04-03T05:32:30.142Z - GET /api/admin/rasi-palan
2026-04-03T05:33:07.853Z - GET /api/admin/panchangam
2026-04-03T05:33:07.919Z - GET /api/admin/panchangam
2026-04-03T05:33:17.795Z - GET /api/user/app-content
2026-04-03T05:33:17.798Z - GET /api/user/app-cards
2026-04-03T05:33:20.609Z - GET /api/user/panchangam
2026-04-03T05:33:20.616Z - GET /api/user/daily?rasi=Thulaam&type=daily
2026-04-03T05:33:32.292Z - GET /api/admin/rasi-palan
2026-04-03T05:33:32.411Z - GET /api/admin/rasi-palan
2026-04-03T05:34:17.219Z - POST /api/admin/rasi-palan
2026-04-03T05:34:17.750Z - GET /api/admin/rasi-palan
2026-04-03T05:34:27.108Z - GET /api/user/app-content
2026-04-03T05:34:27.110Z - GET /api/user/app-cards
2026-04-03T05:34:29.946Z - GET /api/user/panchangam
2026-04-03T05:34:29.948Z - GET /api/user/daily?rasi=Thulaam&type=daily
2026-04-03T05:34:47.396Z - GET /api/user/rasi-palan?rasi=Thulaam&type=daily
2026-04-03T05:34:47.400Z - GET /api/user/panchangam
2026-04-03T05:34:49.543Z - GET /api/user/rasi-palan?rasi=Viruchigam&type=daily
2026-04-03T05:34:50.678Z - GET /api/user/rasi-palan?rasi=Dhanusu&type=daily
2026-04-03T05:34:51.558Z - GET /api/user/rasi-palan?rasi=Magaram&type=daily
2026-04-03T05:34:52.118Z - GET /api/user/rasi-palan?rasi=Kumbam&type=daily
2026-04-03T05:34:52.815Z - GET /api/user/rasi-palan?rasi=Meenam&type=daily
2026-04-03T05:34:53.647Z - GET /api/user/rasi-palan?rasi=Mesham&type=daily
2026-04-03T05:34:54.453Z - GET /api/user/rasi-palan?rasi=Rishabam&type=daily
2026-04-03T05:34:55.094Z - GET /api/user/rasi-palan?rasi=Midhunam&type=daily
2026-04-03T05:34:55.677Z - GET /api/user/rasi-palan?rasi=Kadagam&type=daily
2026-04-03T05:34:56.334Z - GET /api/user/rasi-palan?rasi=Simmam&type=daily
2026-04-03T05:34:56.909Z - GET /api/user/rasi-palan?rasi=Kanni&type=daily
2026-04-03T05:35:14.272Z - POST /api/admin/rasi-palan
2026-04-03T05:35:14.531Z - GET /api/admin/rasi-palan
2026-04-03T05:37:23.624Z - GET /api/user/rasi-palan?rasi=Thulaam&type=daily
2026-04-03T05:37:24.605Z - GET /api/user/rasi-palan?rasi=Viruchigam&type=daily
2026-04-03T05:37:25.301Z - GET /api/user/rasi-palan?rasi=Dhanusu&type=daily
2026-04-03T05:37:26.052Z - GET /api/user/rasi-palan?rasi=Magaram&type=daily
2026-04-03T05:37:38.934Z - GET /api/user/rasi-palan?rasi=Kumbam&type=daily
2026-04-03T05:37:39.700Z - GET /api/user/rasi-palan?rasi=Meenam&type=daily
2026-04-03T05:37:40.412Z - GET /api/user/rasi-palan?rasi=Mesham&type=daily
2026-04-03T05:37:41.214Z - GET /api/user/rasi-palan?rasi=Rishabam&type=daily
2026-04-03T05:37:41.852Z - GET /api/user/rasi-palan?rasi=Midhunam&type=daily
2026-04-03T05:38:05.037Z - GET /api/user/rasi-palan?rasi=Kadagam&type=daily
2026-04-03T05:38:07.045Z - GET /api/user/rasi-palan?rasi=Kadagam&type=weekly
2026-04-03T05:38:09.012Z - GET /api/user/rasi-palan?rasi=Kadagam&type=monthly
2026-04-03T05:38:10.012Z - GET /api/user/rasi-palan?rasi=Kadagam&type=yearly
2026-04-03T05:38:10.868Z - GET /api/user/rasi-palan?rasi=Kadagam&type=weekly
2026-04-03T05:38:12.572Z - GET /api/user/rasi-palan?rasi=Kadagam&type=daily
2026-04-03T05:39:37.711Z - POST /api/admin/send-notification
2026-04-03T05:39:58.449Z - POST /api/admin/send-notification
2026-04-03T05:41:27.257Z - GET /api/admin/users
2026-04-03T06:01:57.991Z - POST /api/admin/send-notification
2026-04-03T06:02:16.939Z - GET /api/user/app-content
2026-04-03T06:02:16.942Z - GET /api/user/app-cards
2026-04-03T06:02:19.647Z - GET /api/user/panchangam
2026-04-03T06:02:19.652Z - GET /api/user/daily?rasi=Thulaam&type=daily
2026-04-03T06:02:31.190Z - POST /api/admin/send-notification
2026-04-03T06:06:31.088Z - POST /api/admin/send-notification
2026-04-03T06:06:43.148Z - GET /api/user/app-content
2026-04-03T06:06:43.156Z - GET /api/user/app-cards
2026-04-03T06:06:45.986Z - GET /api/user/panchangam
2026-04-03T06:06:45.992Z - GET /api/user/daily?rasi=Thulaam&type=daily
2026-04-03T06:07:26.394Z - GET /api/admin/app-cards
2026-04-03T06:07:26.741Z - GET /api/admin/app-cards
2026-04-03T06:07:29.923Z - GET /api/admin/app-cards
2026-04-03T06:07:30.302Z - GET /api/admin/app-cards
2026-04-03T06:08:02.796Z - POST /api/admin/app-cards
2026-04-03T06:08:03.861Z - POST /api/admin/app-cards
2026-04-03T06:08:06.808Z - GET /api/admin/app-cards
2026-04-03T06:08:06.812Z - GET /api/user/app-cards
2026-04-03T06:08:09.136Z - GET /api/admin/app-cards
2026-04-03T06:08:10.747Z - GET /api/user/app-cards
2026-04-03T06:08:20.095Z - GET /api/user/app-content
2026-04-03T06:08:20.097Z - GET /api/user/app-cards
2026-04-03T06:08:22.924Z - GET /api/user/panchangam
2026-04-03T06:08:22.926Z - GET /api/user/daily?rasi=Thulaam&type=daily
2026-04-03T06:08:31.179Z - GET /api/admin/app-content
2026-04-03T06:08:31.313Z - GET /api/admin/app-content
2026-04-03T06:08:57.945Z - PUT /api/admin/app-content
2026-04-03T06:08:58.602Z - GET /api/admin/app-content
2026-04-03T06:09:09.366Z - GET /api/user/app-content
2026-04-03T06:09:09.368Z - GET /api/user/app-cards
2026-04-03T06:09:12.191Z - GET /api/user/panchangam
2026-04-03T06:09:12.193Z - GET /api/user/daily?rasi=Thulaam&type=daily
2026-04-03T06:09:28.159Z - GET /api/admin/app-cards
2026-04-03T06:09:28.357Z - GET /api/admin/app-cards
2026-04-03T06:09:29.759Z - GET /api/admin/users
2026-04-03T06:09:29.897Z - GET /api/admin/users
2026-04-03T06:10:01.869Z - GET /api/user/festivals
2026-04-03T06:10:33.639Z - GET /api/user/mugurtham
2026-04-03T06:12:13.409Z - GET /api/user/nalla-neram
2026-04-03T06:14:40.711Z - GET /api/admin/rasi-palan
2026-04-03T06:14:42.167Z - GET /api/admin/rasi-palan
2026-04-03T06:14:52.325Z - GET /api/admin/rasi-palan
2026-04-03T06:14:52.579Z - GET /api/admin/rasi-palan
2026-04-03T06:15:45.048Z - GET /api/admin/rasi-palan
2026-04-03T06:15:45.258Z - GET /api/admin/rasi-palan
2026-04-03T06:16:17.988Z - POST /api/admin/rasi-palan
2026-04-03T06:16:18.714Z - GET /api/admin/rasi-palan
2026-04-03T06:16:46.205Z - GET /api/admin/panchangam
2026-04-03T06:16:46.447Z - GET /api/admin/panchangam
2026-04-03T06:16:56.829Z - POST /api/admin/panchangam
2026-04-03T06:16:57.488Z - GET /api/admin/panchangam
2026-04-03T06:18:57.700Z - GET /api/admin/users
2026-04-03T06:18:59.397Z - GET /api/admin/users
2026-04-03T06:19:10.649Z - GET /api/admin/users
2026-04-03T06:19:10.984Z - GET /api/admin/users
2026-04-03T06:20:50.521Z - GET /api/admin/app-cards
2026-04-03T06:20:50.721Z - GET /api/admin/app-cards
2026-04-03T06:21:19.281Z - GET /api/admin/app-content
2026-04-03T06:21:19.484Z - GET /api/admin/app-content
2026-04-03T06:22:11.681Z - GET /api/admin/rasi-palan
2026-04-03T06:22:11.995Z - GET /api/admin/rasi-palan
2026-04-05T09:38:34.825Z - GET /api/user/app-cards
2026-04-05T09:39:34.723Z - GET /api/user/app-cards
2026-07-25T03:17:18.496Z - GET /api/user/app-cards
2026-07-25T10:53:57.272Z - GET /api/user/app-content
2026-07-25T10:53:57.279Z - GET /api/user/app-cards
2026-07-25T10:54:06.744Z - POST /api/user/login
2026-07-25T10:54:10.285Z - GET /api/user/panchangam
2026-07-25T10:54:10.292Z - GET /api/user/daily?rasi=Thulaam&type=daily
2026-07-25T11:00:30.345Z - GET /api/user/app-content
2026-07-25T11:00:30.348Z - GET /api/user/app-cards
2026-07-25T11:00:32.766Z - GET /api/user/panchangam
2026-07-25T11:00:32.772Z - GET /api/user/daily?rasi=Thulaam&type=daily
2026-07-25T11:01:43.770Z - GET /api/user/app-content
2026-07-25T11:01:43.771Z - GET /api/user/app-cards
2026-07-25T11:02:08.136Z - POST /api/user/login
2026-07-25T11:02:08.566Z - GET /api/user/panchangam
2026-07-25T11:02:08.568Z - GET /api/user/daily?rasi=Thulaam&type=daily
2026-07-25T11:10:46.059Z - GET /api/user/app-content
2026-07-25T11:10:46.061Z - GET /api/user/app-cards
2026-07-25T11:11:05.792Z - GET /api/user/app-content
2026-07-25T11:11:05.793Z - GET /api/user/app-cards
2026-07-25T12:33:27.627Z - POST /api/user/login
2026-07-25T12:42:30.426Z - GET /api/user/app-content
2026-07-25T12:42:30.428Z - GET /api/user/app-cards
2026-07-25T12:42:55.991Z - POST /api/user/login
2026-07-25T12:54:58.963Z - POST /api/user/select-rasi
2026-07-25T12:54:59.644Z - GET /api/user/panchangam
2026-07-25T12:54:59.656Z - GET /api/user/daily?rasi=Mesham&type=daily
2026-07-25T12:55:09.775Z - GET /api/user/rasi-palan?rasi=Mesham&type=daily
2026-07-25T12:55:09.779Z - GET /api/user/panchangam
2026-07-25T12:55:13.642Z - GET /api/user/rasi-palan?rasi=Mesham&type=weekly
2026-07-25T12:55:14.610Z - GET /api/user/rasi-palan?rasi=Mesham&type=daily
2026-07-25T12:55:15.305Z - GET /api/user/rasi-palan?rasi=Mesham&type=weekly
2026-07-25T12:55:15.880Z - GET /api/user/rasi-palan?rasi=Mesham&type=monthly
2026-07-25T12:55:16.578Z - GET /api/user/rasi-palan?rasi=Mesham&type=yearly
2026-07-25T12:55:17.258Z - GET /api/user/rasi-palan?rasi=Mesham&type=monthly
2026-07-25T12:55:17.786Z - GET /api/user/rasi-palan?rasi=Mesham&type=weekly
2026-07-25T12:55:18.932Z - GET /api/user/rasi-palan?rasi=Mesham&type=daily
2026-07-25T12:55:22.754Z - GET /api/user/rasi-palan?rasi=Mesham&type=daily
2026-07-25T12:55:22.758Z - GET /api/user/panchangam
2026-07-25T12:55:24.650Z - GET /api/user/rasi-palan?rasi=Mesham&type=weekly
2026-07-25T12:55:25.577Z - GET /api/user/rasi-palan?rasi=Mesham&type=monthly
2026-07-25T12:55:26.217Z - GET /api/user/rasi-palan?rasi=Mesham&type=yearly
2026-07-25T12:55:27.026Z - GET /api/user/rasi-palan?rasi=Mesham&type=weekly
2026-07-25T12:55:27.938Z - GET /api/user/rasi-palan?rasi=Mesham&type=daily
2026-07-25T12:55:31.297Z - GET /api/user/rasi-palan?rasi=Rishabam&type=daily
2026-07-25T12:55:32.033Z - GET /api/user/rasi-palan?rasi=Midhunam&type=daily
2026-07-25T12:55:32.737Z - GET /api/user/rasi-palan?rasi=Kadagam&type=daily
2026-07-25T13:09:38.514Z - GET /api/user/app-content
2026-07-25T13:09:38.515Z - GET /api/user/app-cards
2026-07-25T13:12:41.141Z - POST /api/user/login
2026-07-25T13:12:49.799Z - POST /api/user/select-rasi
2026-07-25T13:12:50.130Z - GET /api/user/panchangam
2026-07-25T13:12:50.132Z - GET /api/user/daily?rasi=Mesham&type=daily
2026-07-25T13:13:18.405Z - GET /api/user/rasi-palan?rasi=Mesham&type=daily
2026-07-25T13:13:18.408Z - GET /api/user/panchangam
2026-07-25T13:13:20.107Z - GET /api/user/rasi-palan?rasi=Rishabam&type=daily
2026-07-25T13:13:21.309Z - GET /api/user/rasi-palan?rasi=Midhunam&type=daily
2026-07-25T13:13:22.654Z - GET /api/user/rasi-palan?rasi=Kadagam&type=daily
2026-07-25T13:13:23.973Z - GET /api/user/rasi-palan?rasi=Simmam&type=daily
2026-07-25T13:13:26.524Z - GET /api/user/rasi-palan?rasi=Kanni&type=daily
2026-07-25T13:13:27.637Z - GET /api/user/rasi-palan?rasi=Thulaam&type=daily
2026-07-25T13:13:28.509Z - GET /api/user/rasi-palan?rasi=Viruchigam&type=daily
2026-07-25T13:13:29.573Z - GET /api/user/rasi-palan?rasi=Dhanusu&type=daily
2026-07-25T13:13:33.228Z - GET /api/user/rasi-palan?rasi=Magaram&type=daily
2026-07-25T13:13:37.845Z - GET /api/user/rasi-palan?rasi=Kumbam&type=daily
2026-07-25T13:13:39.254Z - GET /api/user/rasi-palan?rasi=Meenam&type=daily
2026-07-25T13:13:40.493Z - GET /api/user/rasi-palan?rasi=Mesham&type=daily
2026-07-25T13:13:41.419Z - GET /api/user/rasi-palan?rasi=Rishabam&type=daily
2026-07-25T13:13:42.077Z - GET /api/user/rasi-palan?rasi=Midhunam&type=daily
2026-07-25T13:13:42.685Z - GET /api/user/rasi-palan?rasi=Kadagam&type=daily
2026-07-25T13:43:18.443Z - GET /api/user/app-content
2026-07-25T13:43:18.444Z - GET /api/user/app-cards
2026-07-25T13:43:44.897Z - POST /api/user/login
2026-07-25T13:43:45.834Z - GET /api/user/panchangam
2026-07-25T13:43:45.836Z - GET /api/user/daily?rasi=Mesham&type=daily
2026-07-25T13:44:54.728Z - GET /api/user/mugurtham
2026-07-25T13:45:17.432Z - GET /api/user/rasi-palan?rasi=Mesham&type=daily
2026-07-25T13:45:17.435Z - GET /api/user/panchangam
2026-07-25T13:45:31.869Z - GET /api/user/panchangam
2026-07-25T13:45:58.337Z - GET /api/user/festivals
2026-07-25T13:46:29.098Z - GET /api/user/panchangam
2026-07-26T03:45:47.632Z - GET /api/user/app-content
2026-07-26T03:45:47.649Z - GET /api/user/app-cards
2026-07-26T03:46:30.941Z - POST /api/user/login
2026-07-26T03:46:36.462Z - POST /api/user/select-rasi
2026-07-26T03:46:36.856Z - GET /api/user/daily?rasi=Rishabam&type=daily
2026-07-26T03:56:55.237Z - GET /api/user/app-content
2026-07-26T03:56:55.240Z - GET /api/user/app-cards
2026-07-26T04:00:09.354Z - GET /api/user/app-content
2026-07-26T04:00:09.356Z - GET /api/user/app-cards
2026-07-26T04:01:03.206Z - GET /api/user/app-content
2026-07-26T04:01:03.208Z - GET /api/user/app-cards
2026-07-26T04:07:14.463Z - GET /api/user/app-content
2026-07-26T04:07:14.465Z - GET /api/user/app-cards
2026-07-26T04:14:13.146Z - GET /api/user/app-content
2026-07-26T04:14:13.147Z - GET /api/user/app-cards
2026-07-26T04:21:11.381Z - POST /api/user/login
2026-07-26T04:21:13.224Z - GET /api/user/daily?rasi=Mesham&type=daily
2026-07-26T04:21:28.128Z - GET /api/user/rasi-palan?rasi=Mesham&type=daily
2026-07-26T04:21:29.873Z - GET /api/user/rasi-palan?rasi=Mesham&type=tomorrow
2026-07-26T04:21:54.566Z - POST /api/user/login
2026-07-26T04:30:59.567Z - GET /api/user/app-content
2026-07-26T04:30:59.568Z - GET /api/user/app-cards
2026-07-26T04:36:34.889Z - GET /api/user/app-content
2026-07-26T04:36:34.890Z - GET /api/user/app-cards
2026-07-26T04:40:34.310Z - GET /api/user/app-content
2026-07-26T04:40:34.311Z - GET /api/user/app-cards
2026-07-26T04:41:26.833Z - GET /api/user/app-content
2026-07-26T04:41:26.834Z - GET /api/user/app-cards
2026-07-26T04:44:57.328Z - GET /api/user/app-content
2026-07-26T04:44:57.330Z - GET /api/user/app-cards
2026-07-26T04:45:19.881Z - GET /api/user/app-cards
2026-07-26T04:45:19.882Z - GET /api/user/app-content
2026-07-26T04:46:21.730Z - POST /api/user/login
2026-07-26T04:53:01.760Z - GET /api/user/app-content
2026-07-26T04:53:01.761Z - GET /api/user/app-cards
2026-07-26T04:53:28.562Z - GET /api/user/profile/jp@gmil.com
2026-07-26T04:53:39.431Z - POST /api/user/login
2026-07-26T05:12:05.875Z - GET /api/user/app-content
2026-07-26T05:12:05.877Z - GET /api/user/app-cards
2026-07-26T05:13:21.758Z - POST /api/user/login
2026-07-26T05:13:36.488Z - POST /api/user/select-rasi
2026-07-26T05:13:37.714Z - POST /api/user/select-rasi
2026-07-26T05:13:37.944Z - GET /api/user/daily?rasi=Mesham&type=daily
2026-07-26T05:25:27.216Z - GET /api/user/app-content
2026-07-26T05:25:27.221Z - GET /api/user/app-cards
2026-07-26T05:25:28.972Z - GET /api/user/daily?rasi=Mesham&type=daily
2026-07-26T05:32:52.693Z - GET /api/user/app-content
2026-07-26T05:32:52.694Z - GET /api/user/app-cards
2026-07-26T05:32:54.119Z - GET /api/user/daily?rasi=Mesham&type=daily
2026-07-26T05:42:54.505Z - GET /api/user/app-content
2026-07-26T05:42:54.507Z - GET /api/user/app-cards
2026-07-26T05:42:56.361Z - GET /api/user/daily?rasi=Mesham&type=daily
2026-07-26T05:43:12.454Z - GET /api/user/rasi-palan?rasi=Mesham&type=daily
2026-07-26T05:43:18.500Z - GET /api/user/rasi-palan?rasi=Mesham&type=tomorrow
2026-07-26T05:43:20.464Z - GET /api/user/rasi-palan?rasi=Mesham&type=weekly
2026-07-26T05:43:21.932Z - GET /api/user/rasi-palan?rasi=Mesham&type=monthly
2026-07-26T05:43:23.435Z - GET /api/user/rasi-palan?rasi=Mesham&type=yearly
2026-07-26T05:43:26.333Z - GET /api/user/rasi-palan?rasi=Mesham&type=tomorrow
2026-07-26T06:22:02.424Z - GET /api/admin/rasi-palan
2026-07-26T06:22:03.364Z - GET /api/admin/rasi-palan
2026-07-26T06:22:38.487Z - POST /api/admin/rasi-palan
2026-07-26T06:22:39.150Z - GET /api/admin/rasi-palan
2026-07-26T06:22:50.001Z - GET /api/user/rasi-palan?rasi=Mesham&type=daily
2026-07-26T06:28:08.176Z - GET /api/admin/rasi-palan
2026-07-26T06:28:48.083Z - POST /api/admin/festivals
2026-07-26T06:28:50.803Z - POST /api/admin/festivals
2026-07-26T06:31:11.450Z - GET /api/user/rasi-palan?rasi=Mesham&type=daily
2026-07-26T06:31:39.008Z - GET /api/user/rasi-palan?rasi=Mesham&type=daily
2026-07-26T07:04:57.162Z - GET /api/admin/users
2026-07-26T07:04:57.558Z - GET /api/admin/users
2026-07-26T07:05:01.052Z - GET /api/admin/rasi-palan
2026-07-26T07:05:01.109Z - GET /api/admin/rasi-palan
2026-07-26T07:11:24.681Z - GET /api/user/app-content
2026-07-26T07:11:24.683Z - GET /api/user/app-cards
2026-07-26T07:11:27.791Z - GET /api/user/daily?rasi=Mesham&type=daily
2026-07-26T07:15:15.936Z - GET /api/admin/mugurtham
2026-07-26T07:15:16.990Z - GET /api/admin/mugurtham
2026-07-26T07:15:50.819Z - POST /api/admin/mugurtham
2026-07-26T07:15:51.102Z - GET /api/admin/mugurtham
2026-07-26T07:16:03.586Z - GET /api/user/app-content
2026-07-26T07:16:03.588Z - GET /api/user/app-cards
2026-07-26T07:16:05.458Z - GET /api/user/daily?rasi=Mesham&type=daily
2026-07-26T07:17:59.081Z - GET /api/admin/mugurtham
2026-07-26T07:24:43.443Z - GET /api/admin/mugurtham
2026-07-26T07:24:44.247Z - GET /api/admin/mugurtham
2026-07-26T07:50:30.122Z - GET /api/user/app-content
2026-07-26T07:50:30.124Z - GET /api/user/app-cards
2026-07-26T07:50:31.872Z - GET /api/user/daily?rasi=Mesham&type=daily
2026-07-26T07:53:15.251Z - GET /api/admin/users
2026-07-26T07:53:15.804Z - GET /api/admin/users
2026-07-26T07:53:19.830Z - GET /api/admin/app-cards
2026-07-26T07:53:19.917Z - GET /api/admin/app-cards
2026-07-26T07:53:22.029Z - GET /api/admin/app-content
2026-07-26T07:53:22.104Z - GET /api/admin/app-content
2026-07-26T07:53:28.298Z - GET /api/admin/app-cards
2026-07-26T07:53:28.372Z - GET /api/admin/app-cards
2026-07-26T07:55:44.480Z - POST /api/admin/app-cards
2026-07-26T07:55:45.787Z - POST /api/admin/app-cards
2026-07-26T07:55:45.976Z - GET /api/admin/app-cards
2026-07-26T07:55:45.980Z - GET /api/user/app-cards
2026-07-26T07:55:46.084Z - GET /api/user/app-cards
2026-07-26T07:55:46.370Z - GET /api/admin/app-cards
2026-07-26T07:55:46.374Z - GET /api/user/app-cards
2026-07-26T07:55:46.425Z - GET /api/user/app-cards
2026-07-26T07:55:59.461Z - GET /api/user/app-content
2026-07-26T07:55:59.464Z - GET /api/user/app-cards
2026-07-26T07:56:01.234Z - GET /api/user/daily?rasi=Mesham&type=daily
2026-07-26T08:00:36.064Z - GET /api/user/notifications/a@gmail.ccom
2026-07-26T08:01:30.491Z - GET /api/user/notifications/a@gmail.ccom
2026-07-26T08:09:18.764Z - GET /api/user/rasi-palan?rasi=Mesham&type=daily
2026-07-26T08:29:20.351Z - GET /api/user/app-content
2026-07-26T08:29:20.358Z - GET /api/user/app-cards
2026-07-26T08:29:22.124Z - GET /api/user/daily?rasi=Mesham&type=daily
2026-07-26T08:29:22.128Z - GET /api/user/notifications/a@gmail.ccom
2026-07-26T08:33:28.085Z - GET /api/user/notifications/a@gmail.ccom
2026-07-26T08:33:41.247Z - GET /api/user/notifications/a@gmail.ccom
2026-07-26T09:40:13.604Z - POST /api/admin/send-notification
2026-07-26T09:41:04.986Z - POST /api/admin/send-notification
2026-07-26T09:42:50.623Z - GET /api/admin/app-cards
2026-07-26T09:42:50.693Z - GET /api/admin/app-cards
2026-07-26T14:35:44.525Z - POST /api/admin/send-notification
2026-07-26T15:03:21.043Z - POST /api/admin/send-notification
2026-07-27T14:15:52.438Z - GET /api/user/app-content
2026-07-27T14:15:52.451Z - GET /api/user/app-cards
2026-07-27T14:16:38.445Z - GET /api/user/profile/j@gmail.com
2026-07-27T14:16:39.278Z - POST /api/user/login
2026-07-27T14:16:39.816Z - GET /api/user/daily?rasi=Mesham&type=daily
2026-07-27T14:16:39.820Z - GET /api/user/notifications/j@gmail.com
2026-07-27T14:16:40.247Z - GET /api/user/festivals
2026-07-27T14:59:48.191Z - GET /api/user/notifications/j@gmail.com
2026-07-27T14:59:57.671Z - GET /api/user/notifications/j@gmail.com
2026-07-27T16:03:23.358Z - GET /api/user/notifications/j@gmail.com
2026-07-27T16:05:32.080Z - POST /api/admin/send-notification
2026-07-28T14:08:58.682Z - POST /api/admin/send-notification
2026-07-28T14:19:20.622Z - GET /api/admin/festivals
2026-07-28T14:19:21.099Z - GET /api/admin/festivals
2026-07-28T14:22:12.734Z - GET /api/user/app-content
2026-07-28T14:22:12.735Z - GET /api/user/app-cards
2026-07-28T14:22:44.451Z - GET /api/user/profile/j@gmail.com
2026-07-28T14:22:52.467Z - POST /api/user/login
2026-07-28T14:23:00.241Z - GET /api/user/daily?rasi=Mesham&type=daily
2026-07-28T14:23:00.245Z - GET /api/user/notifications/j@gmail.com
2026-07-28T14:23:01.499Z - GET /api/user/festivals
2026-07-28T14:23:33.321Z - GET /api/user/rasi-palan?rasi=Mesham&type=daily
2026-07-28T15:04:56.880Z - GET /api/user/app-content
2026-07-28T15:04:56.888Z - GET /api/user/app-cards
2026-07-28T15:13:57.839Z - GET /api/admin/panchangam
2026-07-28T15:14:06.848Z - GET /api/admin/panchangam
2026-07-28T15:14:13.821Z - GET /api/admin/festivals
2026-07-28T15:14:15.352Z - GET /api/admin/festivals
2026-07-28T15:17:11.351Z - GET /api/user/app-content
2026-07-28T15:17:11.353Z - GET /api/user/app-cards
2026-07-28T15:18:46.344Z - GET /api/user/app-content
2026-07-28T15:18:46.346Z - GET /api/user/app-cards
2026-07-28T15:23:25.495Z - GET /api/user/app-content
2026-07-28T15:23:25.496Z - GET /api/user/app-cards
2026-07-28T15:26:14.586Z - GET /api/user/app-content
2026-07-28T15:26:14.588Z - GET /api/user/app-cards
2026-07-28T15:26:20.930Z - GET /api/user/app-content
2026-07-28T15:26:20.931Z - GET /api/user/app-cards
2026-07-28T16:06:40.381Z - POST /api/admin/send-notification
2026-07-28T16:07:23.912Z - GET /api/admin/app-cards
2026-07-28T16:07:23.990Z - GET /api/admin/app-cards
2026-07-28T16:08:03.469Z - POST /api/upload
2026-07-28T16:08:25.596Z - GET /api/admin/nalla-neram
2026-07-28T16:08:25.691Z - GET /api/admin/nalla-neram
2026-07-28T16:08:29.051Z - GET /api/admin/festivals
2026-07-28T16:08:29.129Z - GET /api/admin/festivals
2026-07-28T16:33:57.647Z - GET /api/admin/blogs
2026-07-28T16:33:58.679Z - GET /api/admin/blogs
2026-07-28T16:34:05.331Z - GET /api/admin/app-cards
2026-07-28T16:34:05.456Z - GET /api/admin/app-cards
2026-07-28T16:34:49.264Z - POST /api/upload
2026-07-28T16:45:37.796Z - GET /api/admin/app-cards
2026-07-28T16:45:38.467Z - GET /api/admin/app-cards
2026-07-28T16:45:47.934Z - POST /api/upload
2026-07-28T16:46:06.192Z - POST /api/admin/app-cards
2026-07-28T16:46:06.496Z - GET /api/admin/app-cards
2026-07-28T16:46:14.515Z - POST /api/upload
2026-07-28T16:51:51.689Z - GET /api/admin/app-cards
2026-07-28T16:51:54.600Z - GET /api/admin/app-cards
2026-07-28T16:53:41.850Z - POST /api/upload
2026-07-28T16:53:49.184Z - ERROR: request entity too large
PayloadTooLargeError: request entity too large
    at readStream (D:\Projects Folder\Valikatti\backend\node_modules\raw-body\index.js:163:17)
    at getRawBody (D:\Projects Folder\Valikatti\backend\node_modules\raw-body\index.js:116:12)
    at read (D:\Projects Folder\Valikatti\backend\node_modules\body-parser\lib\read.js:79:3)
    at jsonParser (D:\Projects Folder\Valikatti\backend\node_modules\body-parser\lib\types\json.js:138:5)
    at Layer.handle [as handle_request] (D:\Projects Folder\Valikatti\backend\node_modules\express\lib\router\layer.js:95:5)
    at trim_prefix (D:\Projects Folder\Valikatti\backend\node_modules\express\lib\router\index.js:328:13)
    at D:\Projects Folder\Valikatti\backend\node_modules\express\lib\router\index.js:286:9
    at Function.process_params (D:\Projects Folder\Valikatti\backend\node_modules\express\lib\router\index.js:346:12)
    at next (D:\Projects Folder\Valikatti\backend\node_modules\express\lib\router\index.js:280:10)
    at cors (D:\Projects Folder\Valikatti\backend\node_modules\cors\lib\index.js:188:7)
2026-07-28T16:53:49.192Z - GET /api/admin/app-cards
2026-08-03T12:34:03.178Z - ERROR: Expected property name or '}' in JSON at position 1 (line 1 column 2)
SyntaxError: Expected property name or '}' in JSON at position 1 (line 1 column 2)
    at JSON.parse (<anonymous>)
    at parse (D:\Projects Folder\Valikatti\backend\node_modules\body-parser\lib\types\json.js:92:19)
    at D:\Projects Folder\Valikatti\backend\node_modules\body-parser\lib\read.js:128:18
    at AsyncResource.runInAsyncScope (node:async_hooks:214:14)
    at invokeCallback (D:\Projects Folder\Valikatti\backend\node_modules\raw-body\index.js:238:16)
    at done (D:\Projects Folder\Valikatti\backend\node_modules\raw-body\index.js:227:7)
    at IncomingMessage.onEnd (D:\Projects Folder\Valikatti\backend\node_modules\raw-body\index.js:287:7)
    at IncomingMessage.emit (node:events:519:28)
    at endReadableNT (node:internal/streams/readable:1698:12)
    at process.processTicksAndRejections (node:internal/process/task_queues:90:21)
2026-08-03T12:34:57.045Z - ERROR: Expected property name or '}' in JSON at position 1 (line 1 column 2)
SyntaxError: Expected property name or '}' in JSON at position 1 (line 1 column 2)
    at JSON.parse (<anonymous>)
    at parse (D:\Projects Folder\Valikatti\backend\node_modules\body-parser\lib\types\json.js:92:19)
    at D:\Projects Folder\Valikatti\backend\node_modules\body-parser\lib\read.js:128:18
    at AsyncResource.runInAsyncScope (node:async_hooks:214:14)
    at invokeCallback (D:\Projects Folder\Valikatti\backend\node_modules\raw-body\index.js:238:16)
    at done (D:\Projects Folder\Valikatti\backend\node_modules\raw-body\index.js:227:7)
    at IncomingMessage.onEnd (D:\Projects Folder\Valikatti\backend\node_modules\raw-body\index.js:287:7)
    at IncomingMessage.emit (node:events:519:28)
    at endReadableNT (node:internal/streams/readable:1698:12)
    at process.processTicksAndRejections (node:internal/process/task_queues:90:21)
2026-08-03T12:35:13.183Z - POST /api/user/login
2026-08-16T07:46:24.056Z - GET /api/admin/events
2026-08-16T07:46:25.973Z - GET /api/admin/events
2026-08-16T07:46:26.857Z - GET /api/admin/rasi-palan
2026-08-16T07:46:27.030Z - GET /api/admin/rasi-palan
2026-08-16T08:13:48.320Z - POST /api/admin/rasi-palan/bulk
2026-08-16T08:16:03.551Z - POST /api/admin/rasi-palan/bulk
2026-08-16T08:16:15.970Z - GET /api/admin/rasi-palan
